SHELLYさん「沢山の死をもたらす」中絶の権利覆すアメリカ最高裁の判断に異議,LYさんは投稿で「違法となってしまう地域に住んでる人はお金や権力がないと仕事や学校を休んでまで中絶をしにいけません。そうなると近場で安く済まそうと、危,SHELLYさんアメリカ連邦最高裁判所が、「中絶は憲法で認められた女性の権利」とした1973年の「ロー対ウェイド判決」を覆す判断を下したことを受け、抗議デモが全米に広がっている。  【動画】中絶の権利求め、胸元にペイントした女性たちがコートに乱入し抗議　アメリカ  一部の州ではすでに、中絶手術を行ってきたクリニックの閉鎖も始まった。  中絶の権利をめぐって全米が揺れる中、性教育を若い世代に伝える活動に取り組むタレントのSHELLYさんがInstagramを更新。アメリカ最高裁による今回の判断に対して「耳を疑う結論」「安全な中絶にたどり着けなくするもの」などと異議を唱えた。「安全な中絶は人権」妊娠中絶が憲法で保障された権利でなくなったことで、中絶規制の動きは各地に広がるとみられている。全米50州のうち26州で中絶を禁じたり、極めて厳しく規制したりする可能性が懸念されている。  こうした事態を念頭に、SHELLYさんは投稿で「違法となってしまう地域に住んでる人はお金や権力がないと仕事や学校を休んでまで中絶をしにいけません。そうなると近場で安く済まそうと、危険な方法で中絶をしようとします」「必要な人は何としてでも、どんな方法でも中絶に挑みます。この決定は沢山の死をもたらす事になります」などと懸念を示した。  その上で、「安全で安心、なおかつ安価で手の届く中絶は子宮のある人にとって人権であり、守られないといけないものです」と訴えた。  日本では妊娠中絶をする際、未婚やDVなどのケースを除き原則として配偶者の同意が必要とされる。  SHELLYさんは中絶をめぐる国内のこうした問題にも触れ、「意図せぬ妊娠を絶対に予防する方法はありません。確実な避妊方法はありません。セックスをしなくても、レイプされる可能性があります」と指摘。  「今回の恐ろしい出来事を決して遠いアメリカで起きてる他人事と思わず、日本でもこんな事が起きる可能性があると思って真剣に向き合ってほしいです」と強調した。「権利奪われないためにも投票を」米紙ウォール・ストリート・ジャーナルとシカゴ大学の全国世論調査センター（NORC）による5月時点の世論調査では、「ロー対ウェイド判決」をアメリカ国民の3分の2以上が支持しているとの結果になった。  妊娠している女性が合法的な中絶を求めた場合、どのような理由であっても認められるべきだと答えたのは約57％に上った。  SHELLYさんは、こうしたアメリカの世論調査の傾向と逆行する連邦最高裁の決定は、「投票によって権力を手に入れた人々によって決まった事です」と主張。  「いかに投票が大切か。自分の意思表示が大切か。今回の出来事でわかると思います」と訴え、「こんな事が日本で起きないためにも。当たり前と思ってる権利をある日突然奪われないためにも、ぜひ投票権のある方は投票してください」と呼びかけた。
「鎌倉殿の13人」と重なる大企業のリストラ劇、生き残ったおじさんの懺悔,動だけでなく、副業も始めている。副業マッチングサイトなどを利用した単発の仕事を、数回やってみたという。 　副業マッチングサイトは、発注側の企業が単発の,大企業はリストラを通して人をどんどん入れ替えている（提供：アフロ）　「あれ、こんなところでおじさんが働いてる……」  　近年、非正規労働の現場で、しばしば「おじさん」を見かける。しかも、いわゆるホワイトカラーの会社員が、派遣やアルバイトをしているケースが目につくようになった。  　45歳定年制、ジョブ型雇用、そしてコロナ──。中高年男性を取り巻く雇用状況が厳しさを増す中、副業を始めるおじさんたちの、逞しくもどこか悲壮感の漂う姿をリポートする。  　【関連記事】 ◎「副業の森」に惑うバブル世代は人生100年時代のロールモデルになれるか（https://jbpress.ismedia.jp/articles/-/70518） ◎一番ギャラの高いチラシは自民党、ポスティングで月8万円稼ぐおじさんの本音（https://jbpress.ismedia.jp/articles/-/70409） ◎「副業の森」をさまよう人材派遣おじさんの夢はまさかのユーチューバー（https://jbpress.ismedia.jp/articles/-/70099） ◎在宅副業の夢も崩壊、倉庫バイトを続けるバブル世代の終わらない自分探し（https://jbpress.ismedia.jp/articles/-/69744）  　（若月 澪子:フリーライター）  ■　無慈悲なリストラを描く「鎌倉殿の13人」  　放送中の大河ドラマ「鎌倉殿の13人」は中盤に入り、源頼朝が死んだ。ドラマではこれまで、頼朝が自身の権力を盤石にするために、家臣や血縁者を粛清する様子が描かれてきた。頼朝亡き後は、主人公の北条義時が源氏の家臣を次々と滅ぼしていく、血みどろの権力闘争が加速していくことになるだろう。  　この「人間を切り捨てる」という無慈悲な場景は、現代の日本企業にはびこるリストラ劇とも重なる。  　終身雇用が崩壊しつつある一方、国は企業に対して65～70歳まで雇用を延長するように求めている。企業は人を減らしたいのに、長期雇用で人件費がかさんではたまらない。そこで、困った大企業が乱用しているのが、40歳以上の中高年のリストラである。  　「昔は人がいっぱいいたのに、今はどんどん首切りやってるよね」と話すのは、大手ITベンダーに勤務する営業マンのKさん（50代後半）だ。  　勤続30年を超えるKさんは、ヨーロッパやアジアに数年ずつ赴任した経験があり、海外ビジネスを手掛けてきた営業のベテランだ。Kさんは本部長級まで出世したが、55歳で役職定年となり、肩書きを外されてヒラになった。  　ところが幸か不幸か、Kさんがヒラに落とされた数カ月後に、会社がジョブ型雇用を採用することになったのである。
古市憲寿氏　交際相手の条件は「稼げる人」のワケ「恋愛とか結婚って難しい」,そのうえで「恋愛とか結婚って難しいなと思うのはもう2人じゃないですか。友だちとか仕事だったら複数人だから、誰か仲介に入ったりとか、議論とかにもなるけど、2人っ,古市憲寿氏　公式インスタグラム（＠poe1985）から　社会学者の古市憲寿氏（37）が26日放送のTBS系「ドーナツトーク」（日曜後11・30）に出演。交際する女性の条件について明かした。  　交際相手の条件について聞かれた古市氏は「稼げる人、お金凄く稼ぐ人のほうがいい」と即答。「そのほうが健全っていうか、別れようと思ったらお互いすぐ別れられる。依存されたくもないし、したくもない。独立していたいなっていうのは凄くある」とその理由を明かした。  　結婚についても「同じマンションの別の部屋とかがいい」という古市氏。子どもについては「どっちでもいいです。本当にどっちでもいいですね。いる人の話を聞くと、それなりに楽しそうで、もう1回生まれ直せるというか、こんなふうに人間って世界を知っていくってことが追体験できるみたいなことで、その話を聞いて面白いなと思って興味を持ったんですけど、とはいえ、別にいなくてもなって。本当にどっちでもいい」とした。  　そのうえで「恋愛とか結婚って難しいなと思うのはもう2人じゃないですか。友だちとか仕事だったら複数人だから、誰か仲介に入ったりとか、議論とかにもなるけど、2人って結構難しくないですか？よくみんなこんな難しいことやっているなと思って」と苦笑した。
【青山尚暉のわんダフルカーライフ】電気自動車と愛犬同伴ドライブの相性は？,推進しているわが家では、真夏はガソリン車であっても遠出のドライブ（ペット仕事も！）は避けているが、電気自動車の場合、さらなる愛犬への配慮が必要になる、ということだ。,トヨタ bZ4X（左）とスバル ソルテラ（右）自動車の世界はカーボンニュートラルに向けて、本格的に始動している。北欧のボルボがいち早く全ラインアップを電動化し、各自動車メーカーともに、ハイブリッド化、プラグインハイブリッド（PHV、PHEV）モデルの拡大、そして何と言っても本命と言える電気自動車（BEV）を続々と登場させている。  関連画像を見る  モータージャーナリスト＆ドッグライフプロデューサーの筆者も、ここ最近、国産車だけでも『ホンダe』、日産『アリア』、スバル『ソルテラ』、日産『サクラ』といった電気自動車に試乗。ソルテラは東京～御殿場のロングドライブも経験している今日この頃だ。  ◆電気自動車はわんダフルなのか？  が、そこでひとつ、気になったのが、愛犬とのドライブ、わんダフルカーライフにとって、ハイブリットやPHVと違い、エンジン（発電用含む）を積まず、バッテリーだけで駆動する、充電ありきの電気自動車が、果たしてわんダフルなのか、ということだった。もちろん、エンジンを積んでいないため、パワーユニットからのノイズは皆無に近く、車内は静か。聴覚に優れた犬にとって最適な走行環境がもたらされ、モーター駆動によるスムーズな走行性能は、車内でどこかにつかまれない犬にとってストレスの少ないドライブを楽しませてくれることもまた、間違いないところではある。  日産サクラ、兄弟車の三菱『ekクロス EV』のような、街乗り、短距離専用の電気自動車として割りきられている車種であれば、近所の買い物、駅までの送り迎え、ドッグランや動物病院の往復が主な用途になるため、航続距離が充電環境などはあまり気にならないはずだが、日産アリア、スバル ソルテラのような、比較的ロングレンジの電気自動車の場合、愛犬とともに、ロングドライブを、これまでのガソリン車のような感覚で使えるのか…そんな疑問を、小心者の筆者は考えてしまうのである。  というのは、例えば、日本有数のドッグフレンドリーリゾートである軽井沢に東京から向かう場合、片道約170kmの距離がある。ソルテラの一充電航続距離はWLTCモードで542～567km（駆動方式による）。充電時間は急速充電で約80％充電まで約30～60分。自宅でも充電可能な200V充電で満充電までは約10時間～となる。  軽井沢出発当日、約100％充電状態であれば、実質的な航続距離を65％と見るとFWDで約360km。ギリギリ、往復できることにはなるが、渋滞など途中何が起こるか分からないため、精神的にも最低1回の充電は不可欠となる。  ◆エアコンを使うと航続距離は激減  もちろん、エアコンを使えば航続距離は激減する。暑い時期のエアコン（クーラー）はもちろんだが、冬のエアコン（ヒーター）は、さらに電費に影響する。だから電気自動車は冬がもっとも条件が悪い…とか言われるわけだ。そのあたりは電気自動車を製造する自動車メーカーも分かっていて、冷房、暖房の消費電力を抑える工夫に余念がない。しかしそれでも、出発時にエアコンOFFでの航続距離を確認した後、エアコンをONにすると、例えばエアコンOFFの航続距離398kmが一気に314kmに減って「ドキリ」とした経験もあったりする（エコエアコンスイッチONで322kmにはなった）。  寒さは電気自動車の大敵…しかしそれは、人間のみが乗っている場面に限られる、というのが筆者の持論。冬の電気自動車のドライブであれば、ヒーターを使わなくても、人間は厚着をすればいい。軽く動きやすいライトなダウンジャケットがうってつけだ。愛犬は1年中、毛皮を着ていて、暑さに弱くても、比較的寒さに強いはずだから、車内の抜け毛汚れ防止を兼ねて、ドッグウエアを着せて乗せればOKだろう。真冬でも、ドライブ日和の晴れた日中なら、車内は温室状態となり、寒さをそれほど感じずに済むこともある。  ◆暑い時期は特に注意  が、筆者の電気自動車経験では、愛犬とのドライブにおいて鬼門なのはむしろ夏、暑い時期だ。寒さはシートヒーターや衣類、ドッグウエアなどでしのげても、暑さはどうにもならない。毛皮を着ていて、足の裏からしか発汗できない犬にとって、エアコンの使用は不可欠。それも、愛犬の乗る場所は22度ぐらいが適切と言われているほどだ。つまり暑い時期の愛犬とのドライブでは、エアコンをガンガン効かせる必要がある。人間だけなら、先日、29度の快晴の日に筆者が電気自動車のエコドライブで行った、東京～東名高速道路海老名SAまでの区間、電費をかせぐためにエアコンをOFFにして、窓全開、汗だくの修行のようなドライブも、緊急時にはできないことはないが（決して快適な電気自動車ライフとは言えない）、愛犬連れの場合、犬の命に係わる熱中症を誘発する危険大である。だから、愛犬連れドライブの場合、エアコンONは必須。その上での航続距離を考慮する必要がある。愛犬の特等席は後席。後席独立型3ゾーンオートエアコンがあれば理想的だ。  だったら、エアコンON前提で、途中で充電すればいい…のだが、電気自動車が普及し始めている今、高速道路のSA/PAにある急速充電スポットに先客がいるかも知れず、また、約30分の急速充電時間の間、人間だけならエアコンの効いた屋内に避難!? し、食事やお茶をすることもできるが、ごく一部のペット店内OKのドッグカフェを併設しているSAを除き、それは叶わない。灼熱のテラスにいるしかなかったりする（雨の日も辛い）。電気自動車は充電中もエアコンを効かせ、ロックすることも可能だが、そもそも愛犬を車内に残し飼い主がクルマを離れるなど、もってのほかの行為である。  ◆避暑地なら涼しいは過去の話  よって、電気自動車での暑い時期の愛犬連れドライブは、気温の下がった早朝、夜、深夜に移動するなどの配慮が不可欠となる。また、終始、エアコンを作動させられるように、航続距離、充電のタイミングを計ることも重要になるはずだ。  ちなみに、先ほど、軽井沢の話が出てきたが、避暑地で夏も涼しいはず…というのは過去の話。軽井沢通い45年の筆者の経験では、去年の夏の軽井沢の気温は東京とそう変わらず、今では気候変動のせいか、かなり暑い日がある（さすがに標高1000mの高地だけに湿気は少ないが）。避暑地だからエアコンの使用が控えられる…と思ったら、痛い目に合うことも頭に入れておきたい（昨年8月の山中湖の気温も35度だった）。  わんダフルカーライフを推進しているわが家では、真夏はガソリン車であっても遠出のドライブ（ペット仕事も！）は避けているが、電気自動車の場合、さらなる愛犬への配慮が必要になる、ということだ。  ◆トヨタ bZ4Xは愛犬を乗せられない  ところで、最新の電気自動車に、スバル ソルテラとトヨタ bZ4Xの兄弟車がある。デザイン、装備、走行性能（特に乗り心地）にはそれぞれ個性、特徴があるものの、バッテリーの出力、航続距離、充電時間は一緒だ。しかし、愛犬家が選択できるのは、ソルテラのみ！　理由は販売方法にもあり、ソルテラは一般的な販売方法、対するbZ4XはサブスクのKINTOのみだ。で、bZ4XのKINTOのガイドブックを見ると、主な留意点の中の主な禁止事項に、喫煙、改造、競技走行とともに、「ペットの乗車」が記載されている。「こられの行為が発覚した場合、現状回復費用について実費を請求する」とあるのだ。もちろん、トヨタ派の愛犬家で、bZ4Xがどうしても欲しい…というのであれば、もう1台、愛犬乗車専用車を所有すれば解決するのだが。  いずれにしても、愛犬とドライブする機会の多い愛犬家が電気自動車を、静かで犬の耳に優しく、スムーズな走行感覚から車内でどこかにつかまれない犬にとってストレス最小限で済むドッグフレンドリーカーとして愛用するのであれば、季節を問わず、これまでのガソリン車、ハイブリッド、電欠なしの電動車であるPHV/PHEVとはちょっと違うドライブプラニング、気遣いが必要ということだ。レスポンス 青山尚暉
「浦安には新しい魚食文化のスタイルが渦巻いている」 鮮魚泉銀三代目・森田釣竿が語る、浦安と魚のディープな魅力,――バンド活動をする一方、美容師の資格をとったとか。 森田：母親が、魚屋って本当にきつい仕事で儲からないからやめろ、職を持てっていって、美容師にさせられちゃった。 ―,森田釣竿氏　千葉県浦安市の人気鮮魚店「泉銀（いずぎん）」の三代目店主であり、魚と海をコンセプトにしたフィッシュロック・バンド「漁港」の包丁＆ボーカルでもある森田釣竿氏。  名物の「マグロブツ切り」など、店内には魅惑的な魚介が盛り沢山  　「日本の食文化を魚に戻し鯛!」を合言葉に独自の活動を展開し、魚の解説や浦安の街ロケ番組などでテレビ出演も多い彼が、初の著書を刊行した。あまりにもド直球な本人の決めゼリフをタイトルにしたその本『魚食え!コノヤロー!!!』（時事通信出版局）では、魚のさばきかた、丸ごと美味しく食べつくす方法が、多数の写真とともにわかりやすく紹介されている。また、祖父の代から魚屋と漁師という水産系DNAを受け継ぐ一方、バンドマンにもなった個性的な半生をふり返っている。取材では魚への熱い思いに加え、世間があまり知らない東京ディズニーランド以外の浦安についても、森田氏に語ってもらった。（円堂都司昭／6月7日取材·構成）  ■ものごころつく頃には埋立が進んで気軽に海に入れなくなってた  ――東京湾に面した浦安は、今では千葉県なのに東京ディズニーランド（1983年開業）がある場所として全国に知られていますけど、かつては漁師町でした。でも、川に流された工場排水によって浦安沖の漁場が被害を受けた。そして、海面の埋立事業が進む一方、地元の漁業組合は、1971年に漁業権を全面放棄した。森田さんが生まれたのは、その3年後。  森田：俺は1974年の生まれですけど、当時の街は今とまったく違ったんですよ。俺は、浦安を日本の縮図ととらえてるんです。黒い水事件（1958年。公害に怒った漁民が排水を流した本州製紙（当時）の工場に乱入した）があったり、アメリカの象徴のようなディズニーランドができたり。昔から住んでいる人たちもいれば、埋立地に引っ越してきた人たちもいる。幸いなことに東京ディズニーランドは、オリエンタルランド（三井不動産と京成電鉄が大株主）が運営してきて日本人が稼いでいる。だから、過去にこの街に起きたことを悲観するのではなく、一つのモデルケースとして盛り上げていけないか、明るい未来があるのではないかと考えているんです。  ――『魚食え!コノヤロー!!!』には、森田さんの母方の祖父が「泉銀」の創業者だと書かれています。  森田：名前が泉澤銀蔵だから「泉銀」。祖父の親父以前も、屋号は違うんですけど、ずっと魚屋でした。  ――で、父方の祖父は漁師だったとか。  森田：浦安で獲れた貝を浅草の方まで売りに行っていたんです。父方は漁師、母方は魚屋という、ガチな水産系DNAを受け継いで生まれてしまった。戦国時代に生まれてたら活躍できたのにと思うような、“時代にズレた”感てよくあるじゃないですか。俺は正にそれ。自分が小さい時、屋形船に親戚が集まってハゼの天ぷらを揚げてよく宴会をやっていたんです。今みたいなきれいな船じゃなくて、汚い船で沖へ出て、大人たちの会話を聞いていた。「あそこらへんでよく蟹が獲れた」とか「あそこによく漁の仕掛けをしたんだ」とかいいながら指さす方向が陸上なんです。まだ子どもだったから、なにをいってるんだろう？　って思ったけど、その人たちは漁師だったんだと、だんだんわかってきた。すると、やっぱりうらやましいの。俺がものごころつく頃には埋立が進んで気軽に海に入れなくなってたし。  ――東京メトロ東西線の浦安駅周辺がかつて漁師町だった地域ですけど、この路線が開通した1969年当時の沿線は、現在みたいな住宅密集地ではなく、田んぼばかりでした。  森田：俺の小さい頃もまだそんな感じだったけど、小学2年生くらいから浦安の様子が変わってきた。駅前にスーパーの西友が1979年にできた後、地元初のコンビニとなるセブン-イレブンがオープンして、マクドナルドやケンタッキーができて、地元の人間も飛びついた。それまではけっこう渋いものを食ってたのに、みんな、新しい食べものの方へいった。それまでハンバーガーなんて食ったことなかったんだから。それだけ田舎だったんですよ。  ――その頃、「泉銀」は駅近くにあった浦安魚市場で営業していました。市場というと公設が一般的ですけど、ここは各店舗の出資で運営する協同組合。いわば、個人商店の集まり。  森田：市場では魚が売れなくなるなか、俺が中一の時、祖父が亡くなったんだけど、大人たちが金でもめてる、泣いてるのが怖くて。おじいちゃん子だったし、それが衝撃でした。スーパー、コンビニ、ファストフードが当たり前になるにつれ、浦安魚市場の入場者数が減ってお客さんが遠のいていった。豊かなんだけど焼野原に生まれちゃったような感覚。ずーっとそう思ってました。切なかったですよ。  ――1983年にオープンした東京ディズニーランドへ全国から大勢の客が訪れる半面、地元ではそんなことが起きている。80年代には、ビートたけし出演、テリー伊藤演出のバラエティ番組『天才・たけしの元気が出るテレビ!!』が、寂れた商店街を盛り上げる企画をやっていて、浦安のフラワー通り商店街もとりあげられました。そこには、たけしの顔をした招き猫人形などを売る番組のタレントショップも作られ、一過性のブームでしたけどにぎわいをみせていた。  森田：よく覚えてます。うちにもありますよ（といって、店に飾ってあったたけし招き猫を持ってくる）。あの時は人手がすごくて、とにかくにぎやかだった。ディズニーランドができて、フラワー通りが竹下通りみたいになって、どうなるんだろうと思った。これから浦安がよくなるのかなって、楽しかった。だけど、街はよくなるんだけど魚市場は不景気で、うちも大変なことになった。俺の人格は、それで形成されちゃったようなもんです。  ■埋立地にはいろんな地方から多くの人が引っ越してきている  ――森田少年は、そこからパンク・ロックへ向かったわけですよね。  森田：おじいちゃん子だったから、軍歌をよく歌ってる小学生だったんです。親しんでいた音楽は軍歌、民謡、労働歌。昔の浦安は蟹がよく獲れていたから、村田英雄さんの「蟹工船」を歌うのが地元漁師の約束ごとみたいになってて俺も歌っていた。よく聴くと働く現場での厳しい歌で、負けないぞっていう泥臭い、今思えばパンクな反骨精神があった。一方、セックス・ピストルズでパンクに目覚めたのは、シド・ヴィシャスがベースでお客さんを殴ったことを知って、これだったら俺でもできると思ったから（笑）。軍歌だと遠いしリアリティがないけど、パンクで音楽が身近になったんです。ちょうどイカ天ブームもあったし（テレビ番組『三宅裕司のいかすバンド天国』が多くの新しいバンドを輩出。それ以前にもインディーズが注目されるなど1980年代後半にバンド・ブームがあった）。  ――バンド活動をする一方、美容師の資格をとったとか。  森田：母親が、魚屋って本当にきつい仕事で儲からないからやめろ、職を持てっていって、美容師にさせられちゃった。  ――その名残りなのか、今でも髪型はピシッとしてますものね。  森田：いや、これは鮮度の問題っていうか、やっぱり俺がピシッとしてないとそれが魚にうつっちゃう気がするから、ちゃんとしてるだけ。美的センスっていうのは、美容師も魚屋も変わらないですよ。  ――当時は魚屋を継ごうと思っていなかったんですか。  森田：親父もお袋も地元の人間だし、継ぐ継がない以前に、小さい時からずっといた店が、もう家みたいなもんだった。だから、自分には故郷がないと思ってたわけ。でも、浦安魚市場がなくなってから気づいた、ここが故郷だったのかと。原発事故の影響が残っている福島の一部地域や、いろいろな事情で故郷に帰れなくなった方々がいるでしょう。それはこういう感覚なのかと思いました。  ――浦安魚市場は、老朽化が原因で2019年に閉場しました。以前から後継者不足で店舗数が減っていましたが、閉場に伴い移転して営業する店もけっこうあった。「泉銀」は2018年から市内の住宅街の一画（浦安市堀江）に店舗をかまえるようになって、今年で移転5周年。  森田：魚屋の店は生活するため一緒に戦う戦友っていうか、家族だって戦友の感覚。小さい時から店を手伝っていたら、いつの間にか継いじゃったようなもんです。ただ、市場って非日常的な空間じゃないですか。そこで慣れちゃってる魚屋が、ストリートで勝負できるのか。例えばヒップホップでいえば、ギャングじゃねえのにギャングスタぶってやれるのか、お前はリリック持ってるのかみたいなのがあるでしょ。だから、いきなり路面店ではできないだろうと思ったけど、閉場が決まったから修業期間だと気合いいれて思い切ってやったの。市場と路面店で二重家賃になる期間があって、すごく大変で死ぬかと思ったけど、楽しかったですね。  　若い頃は、俺たちからしてみたら埋立は漁場だった海が消えた原因だし、そこにディズニーとかできてどうなんだろうとモヤモヤしていたんだけど、ここで店を始めてからは、新町からお客さんがたくさんいらっしゃる。  ――浦安市では、東京メトロ東西線沿線の昔からある地域を元町（アニメ化、ドラマ化もされた浜岡賢次の漫画『浦安鉄筋家族』の舞台のモデルになった）、もっと海沿いを走るJR京葉線（1988年開通）の新浦安駅、舞浜駅周辺の第一期埋立地を中町、第二期埋立地を新町と呼ぶんですよね。  森田：埋立地にはいろんな地方から多くの人が引っ越してきているけど、新しい街には懐かしい景色がないことが寂しいわけですよ。日本は島国だからどこかの浜の出身の人も意外に多くて、浦安も海に面してるから故郷を思い出しちゃう。そうするとチェーンのスーパーとかじゃ対応しきれない。パッケージされた切身じゃない魚が見たい、人と喋りたい、そういう心のケアがいるの。コロナでそういう心がたかぶっていることがよくわかりました。魚食交流じゃないけど、他の地方の人から俺が逆に知らない食べかたを教えてらったり、聞いた俺がまたこの地域の人に教えたり。浦安がそういう街になってくれて、新しい魚食文化のスタイルが渦巻いているからよかったなと感じるし、面白いんです。  ■バンドやろうぜじゃないけど、魚さばこうぜ  ――『魚食え!コノヤロー!!!』では、魚のあらゆる部位をいろいろな調理で味わいつくす方法が書かれています。鰹（カツオ）に関して、塩鰹、フライ、なめろう、塩焼き、煮付け、しぐれ煮、出汁（だし）、酒盗（しゅとう）とか。印象的だったのは、かつては加工場で処分されていたマグロの頭を「もったいないから買い取ってこい」と二代目のお父さんからいわれ、頭からさばいた脳天やホホ肉をトレーに入れて店頭に並べた話。私もそれらの部位を買って食べたことがあって、すごく美味かったです。  森田：昔は小さいメバチマグロの頭とかは、廃棄する業者が多かった。誰も見向きしない感じで値段も安くて。今でこそSDGsとかいって捨てないことが褒められるけど、魚屋の自分にいわせれば、そんなことはとっくにやってたし、あなたたちが忘れてただけ。そうしてみんなの先を行っちゃうから、なかなか認めてもらえなかった。バンドも始めちゃったし、同業者にしたら意味わかんないじゃないですか。ふざけてると思われるし変わり者だといわれる。でも、本人は本気なんです。ステージに立つ時、客に対して、ライブハウスで遊びやがって、全員ぶっつぶしてやるって気持ちだった。喧嘩のつもりでやってたから、最初は怖かったと思う。  ――魚をテーマにしたフィッシュロック・バンド「漁港」のロゴマークは「港」の字が左右反転していて、横に並んだ2文字の両端にさんずいがくるデザインですね。本によると森田さんが書いたそうですが。  森田：左右のバランスがとれた、鏡文字っぽいMETALLICAやABBAのロゴみたいなのがいいなと思って、俺が筆で書いたんですよ。  ――「漁港」を結成したのはいつですか。  森田：2000年。ライブハウスでマグロの頭を解体するのが衝撃だってことで、写真週刊誌の「FRIDAY」に載って、テレビでも「とくダネ！」で全国放送。番組をたまたま見ていた叔父さんが、グループサウンズのザ·ジャガーズのベーシストだった人で、メジャーデビューすれば稼げるぞといってきた。で、22のレコード会社から誘いがあって外資系は敵だ、なめんなよっていってたんだけど、世界的にライブして外国の人にわかってもらうならと思ってユニバーサルミュージックを選んじゃった（笑）（2004年、シングル「鮪（まぐろ）」でメジャーデビュー）。話が違うじゃねえかってまわりから怒られた。同期で売れている人もいるけど、俺だけこのまま。  ――でも、それが本来の姿ですから。  森田：そうそう。ライブ活動は魚を売るためにやってたからね。捨てる部位だったマグロの頭をかぶってステージに出てきて、食べ残さないことで魚は成仏できる、食べ残すから成仏できないんだということでマグロを解体していた。それがだいぶ定着して、SDGsの流れからまた取材されNHKのドキュメンタリーに出ました。  ――「漁港」の「魚食えコノヤロ音頭」という曲の歌詞も載ったこの本の特徴は、切身になる前の丸魚を自分でさばいて丸ごと食べようと提案していることです。最近は動画もアップしていますよね。  森田：バンドやろうぜじゃないけど、魚さばこうぜですよ。いつまでもファンじゃダメだと、俺は思うの。バンドは自分でやったほうが絶対面白いし、音楽がもっとみえてくる。野球は草野球やるし、サッカーも自分でやるでしょ。だったら「食」だってそうしたほうがいい。材料に関して、多くの人は漁に出ない、獲りにいかないですんでるんだから、食べることくらい人任せにするのはやめようよ、自分でやってごらんということです。そうすれば、気づくことがたくさん出てくる。大人になると怪我することが少なくなるけど、包丁を持つと指とか切っちゃう。でも、怪我すると上手になる。魚の骨が刺さって痛えとか、幼い頃を思い出す。そうして勉強していく。ざまみろ、おめでとうですよ。あと、丸魚のリアリティってのがある。牛丼のチェーン店で食べた時、牛が死んでるとは考えないでしょ、感覚として。あれは畜肉だから。天然じゃなく、人間が作っているから感じないんだ、きっと。だけど魚って、大部分は天然だから、こんなにいい食育はない。血が出るし、心臓が出てくるし、胃袋のなかから溶けた魚が出てくることもある。これは命をもらっているんだなと思いますよね。食べるとは、そういうことなんだ。それが自然なんじゃないかな。牛や豚じゃ持って帰れないもの。  ――森田家で一番食べる魚はなんですか。  森田：売れ残ったものですよ。  ――どういう調理法で。  森田：ものによって全然違う。残ったマグロは醤油ぶっかけちゃって、漬けの状態でただかっこむと。あと、よくいうんだけど、塩マグロがいい。塩でしめて、臭みを出して塩のうまみでおいしくいただいちゃう。今日、店にあるオオカミウオなら、揚げるとフワフワになる。フリット、唐揚げがいいし、ムニエルもおいしい。魚によっていろいろ。  ――最近のバンド活動は。  森田：コロナになってから全然やれてないんですよ。毎年、海の日にワンマンライブをやっていて、2020年は「泉銀」70周年×「漁港」20周年だったから記念ライブを企画したんだけど、それもダメになった。今年は考えているけど、まだはっきりしたことは……。  ――一方、路面店をかまえて5周年。個人商店を経営する難しさ、面白さとはなんですか。  森田：魚屋って仕事自体、難しい。だって、時間たつと商品が腐っちゃうんだもの。スマホを売るのならあわてないし、腐んないからここまで本気で売らないと思う。だから、俺にはあってる。毎日、本気。自分は、本当はものぐさなんです。なんにもやりたくないって人間なんだけど、それを許さない「お前は働け」という神様がいるんじゃない？（笑）　魚が待ってるから動かざるをえないし、必死にならないと。だって、魚は喋れないし、俺が代わりに喋ってあげる。MCですよ。本気になれるから、すごく大変だけど俺の性分にあってる。浦安って他の地域よりけっこう魚屋が多いんですよ。漁師町だったし、市場があったし、その流れがまだ受け継がれてるから。浦安で海をテーマにしているのは、東京ディズニーシーだけではない。そこをもっと注目してほしいね。円堂都司昭
得意先へのLINE、スタンプあり？なし？　営業職200人に聞いた→7割が「使う」,調査を行なった同社は、「営業という初めて会う人や関わりがまだ希薄な相手とも会話をすることが仕事の場合、嫌われるリスクを減らす意識は必須です。つまり、スタンプや『！』『？,7割の人が顧客とのやりとりでLINEスタンプを使うと回答したそうです　※画像はイメージです（NapasStockphoto/stock.adobe.com）近年、営業のコミュニケーションツールが多様化してきていますが、礼儀作法、ビジネスマナーが求められる営業職の人はどのようにお客様とやりとりをしているのでしょうか。全国の営業パーソン196人に聞いたところ、約7割の人が「お客様とのやりとり」で、LINE・Messengerの「スタンプを使う」と回答したそうです。  【グラフ】「お客様とのやりとり」でスタンプを使う人の割合は…（調査結果を見る）  営業マネジメントコンサルティングを行う株式会社営業ハックが2022年6月に実施したアンケート調査です。  はじめに、「お客様とのやりとりにおいてLINE・Messengerのスタンプを使いますか」と聞いたところ、最も多かったのは「関係性ができたと感じたら使う」（32.8%）でした。「使う」（13.3%）、「相手が使ったら使う」（25%）と、約7割が「使う」としている一方で、28.9%が「使わない」と答えました。多くの営業パーソンが「この人とは仲良くなれたと思うから」という理由でスタンプの使用可否を判断していることがうかがえます。  また、「お客様とのやりとりにおいて『！』や『？』を使いますか」と聞いたところ、最も多かったのは「いつでも使う」（38.2%）でした。次いで、「SNSとチャットでのみ使う」（30.9%）、「メールでのみ使う」（5.9%）となりました。感嘆符・疑問符はスタンプに比べ使いやすいと感じられていることや、淡白になりがちなビジネスコミュニケーションにリズムを持たせる効果もあるため、ツールや相手の使用頻度に関わらず使用している人が多いことがうかがえたそうです。  　　　◇　　　◇  調査を行なった同社は、「営業という初めて会う人や関わりがまだ希薄な相手とも会話をすることが仕事の場合、嫌われるリスクを減らす意識は必須です。つまり、スタンプや『！』『？』などを使うか否かは『関係性の有無』ではなく、『相手が使っているか否か』が判断基準になります」と説明する一方で、「どんなツールであっても、相手と気持ちよくやりとりをすること、これがいつ何時どこででも正解です。相手に合わせること、そのためにもちゃんと相手を見ること、変化に機敏になることが営業というコミュニケーションを成功させるコツです。ちゃんと相手の言葉や変化を見て、やりとりしていきましょう」とも述べています。まいどなニュース
＜うちのワンコ＞海で会った黒柴と意気投合　勢いで泳ぎをマスターした柴犬の「小春」,えなくなりました（笑）。遊んでほしい時、散歩に行きたい時、怒っている時、仕事や学校に行ってほしくない時など、全身で表現してくれます。最高に可愛いので癒されています。,小春飼い主さんに投稿してもらった、ペットとのとっておきストーリーをご紹介します。  ＜sippoストーリー＞ 小春／女の子／柴犬／10カ月 普段の呼び名：こはる 飼い主さんのニックネーム：あべちゃん  【写真】家にきたころの「小春」（12枚目）■名前の由来はなんですか？ 和犬なのでブリーダーさんの写真を見て似合う漢字の名前を考えました。  ■出会ったきっかけはなんですか？ ブリーダーの子犬を紹介してくれるサイトで、とっても可愛い写真を見て一目惚れしました。ブリーダーさんお残し予定だったそうですが、譲っていただきました。  ■今回選ばれた写真はどんな時に撮った写真ですか？ 週末のお散歩で、小春が大好きな芝生の公園に行きました。芝生でゴロゴロしたり、走り回ったり、日向ぼっこしたり、楽しみました。  ■ペットとの忘れられないエピソードは？ 初めて海で泳いだ日が感動と驚きで忘れられません。八景島シーパラダイスの近くの海で散歩をしていると、波打ち際も怖がって水に入ろうとしませんでした。同じく散歩中の黒柴ちゃんに会い意気投合。わちゃわちゃ遊んでいるうちに、波打ち際でびちゃびちゃ、そして勢い余って深みに。すると、スイスイ犬かきで戻ってきました～。帰りの車は砂だらけで大変でしたが、可愛いかったです。  ■ペットと一緒に暮らし始めて、あなたに起きた変化はありますか？ ヤンチャで気が強い小春が来てから小傷やあざが絶えなくなりました（笑）。遊んでほしい時、散歩に行きたい時、怒っている時、仕事や学校に行ってほしくない時など、全身で表現してくれます。最高に可愛いので癒されています。  ■他の飼い主さんに薦めたいグッズは？ タカラトミーアーツの「ミミクリーペット和犬」がお薦めグッツです。可愛い声で、ものまねしてくれるぬいぐるみです。小春はこのぬいぐるみに話しかけて、返ってくる声にびっくりしながら遊んでいます。まるで会話しているみたいで楽しいですよ。  ■オススメのおでかけスポットは？ 車が大好きな小春と一緒に、軽キャンでドライブの旅や車中泊に出かけます。去年はコロナであまり行けませんでしたが、海やキャンプなど楽しみたいです。  ■最後に、ペットへのメッセージをお願いします 小春へ 「柴」らしくマイペースで、柴距離も大切に、楽しく暮らそうね。
あ、また選挙か！いやでも住民票がある所に投票行けないわと思った方このマンガをまず見てください,に帰れない場合は、「不在者投票」を利用することができます） 選挙の日に仕事や用事がある時は？ 期日前投票をする際は、場所を要チェック！ 住民票,「最近、引っ越したんだけど、どこで投票できる？」「選挙期間に、住民票を置いている住所に行けない…」  7月10日（日）に投開票日を迎える参議院選挙に向けて、そう思った人がいたら……。  引っ越した際の投票場所や、期日前投票、不在者投票について、公益財団法人「明るい選挙推進協会」が公開しているマンガが、わかりやすく説明しています。【BuzzFeed Japan/冨田 すみれ子】引っ越した場合は……明るい選挙推進協会 / Via akaruisenkyo.or.jp「最近、引っ越したんだけど、どこで投票できる？」という人は、今住んでいるところに住民票があるか、いつ引っ越したかを、まず確認してください。  マンガ「池上彰のマンガでわかる選挙と政治の話 2021」では、どこで投票できるか、以下のチャートでチェックできます。明るい選挙推進協会 / Via akaruisenkyo.or.jp＜引っ越した場合：ポイント＞  ・住民票を移して3カ月経っている場合→今住んでいる市町村区で投票  ・住民票を移して3カ月経っていない場合→引っ越し前の市町村区で投票 　（もし都合がつかずに引っ越し前の市町村区に帰れない場合は、「不在者投票」を利用することができます）明るい選挙推進協会 / Via akaruisenkyo.or.jp選挙の日に仕事や用事がある時は…？明るい選挙推進協会 / Via akaruisenkyo.or.jp期日前投票をする際は、場所を要チェック！明るい選挙推進協会 / Via akaruisenkyo.or.jp住民票がある住所に行けない時は「不在者投票」不在者投票は早めの手続きを不在者投票の手続き住民票がある住所に選挙期間中に行って投票することが難しい人や、引っ越して3ヶ月経っておらず、かつ旧住所地に行くことができない人などは、「不在者投票」が使えます。  郵送などのプロセスでは時間がかかるため、早めの手続きが安心です。  オンラインで請求できる市町村区もあるので、問い合わせてみてください。  不在者投票の詳細については、総務省のサイトで確認できます。
ラジオとの出会いは「孤独だったアメリカでの生活」　秀島史香,初めてラジオというものを意識して聴き始めました。小学校6年生のときに父の仕事の関係で、アメリカに家族4人で引っ越すことになったのです。小学校6年生はア,黒木瞳がパーソナリティを務めるニッポン放送「あさナビ」（6月20日放送）にラジオDJ・ナレーターの秀島史香が出演。自身のラジオとの出会いについて語った。秀島史香黒木瞳が、さまざまなジャンルの“プロフェッショナル”に朝の活力になる話を訊く「あさナビ」。6月20日（月）～6月24日（金）のゲストはラジオDJ・ナレーターの秀島史香。1日目は、ラジオとの出会いについて―  黒木）数多くのラジオ番組を担当するラジオDJ。DJとしてはカリスマ的存在でいらっしゃいますが、大学3年生のときに大阪のFM802という放送局のオーディションを受けられて、この業界に入られたということですが。  秀島）最初はそうですね。そもそもラジオとの出会いというのは、黒木さんは何歳くらいのときでしたか？  黒木）中学の終わりくらいからでしょうか。「オールナイトニッポン」で育ちました。  秀島）私は小学校6年生のときに、あるきっかけで初めてラジオというものを意識して聴き始めました。小学校6年生のときに父の仕事の関係で、アメリカに家族4人で引っ越すことになったのです。小学校6年生はアメリカの中学1年生にあたるのですね。そこで現地の公立の中学校に入るのですが、英語がまったくわからず。「どうしたものだろう」となったときに、耳を英語に慣らしてみようかということで、ラジオを「ポチッ」とつけたのが最初のきっかけだったのです。  黒木）でもラジオから聴こえる洋楽も含めて、すべて英語なわけですよね。最初まったくわからないですよね。  秀島）ただ右から入り左に流れるという状態でした。  黒木）それが2～3ヵ月すると何となくわかってきたのですって？  秀島）不思議なものなのですよね。初めは学校に行っても同世代の男の子、女の子がいますけれど、異文化過ぎて、ついていけないのです。私は神奈川の茅ケ崎というところの出身なのです。  黒木）神奈川の。  秀島）昭和のジャージみたいなものを着てアメリカの中学校に行くのですが、みんなお洒落をして、お化粧もしているのですよ。廊下で付き合っているカップル同士が「チュッ」とかして。  黒木）もう茅ヶ崎時代とは全然違うのですよね。  秀島）違うのですよ。言葉も何1つわからないまま。でも1か月経ち、2か月経ちとしていくと、不思議なことに、言葉が1つずつ拾えるようになってくるのですよ。  黒木）それは12歳くらいだったからということもあるのでしょうか？  秀島）もしかすると耳がまだ柔らかかったということもあったかも知れません。  黒木）弟さんはどのようにして学んでいかれたのですか？  秀島）弟は当時まだ小学校4年生だったので、地元の公立小学校に通っていました。サッカーが得意だったので、サッカーと運動を軸にして、現地の男の子たちと「ワーワー」と、ボーイズという感じでどんどん友達をつくっていったのですが、かたや私は12歳という……。  黒木）少し思春期入ったころですよね。  秀島）そうなんです、多感期で。地元の小学校が3つくらいある学区の卒業生が統合してその中学校に入ってくるわけですから、学校内のポジションづくりというのでしょうかね。イケてるグループに入りたいとか、友達づくりなど、自分のことで必死になっているわけで、日本から来た一言もしゃべらない女子を気にかけてくれる余裕もあまりなく、という状態で友達がなかなかできなくて、最初は苦労しましたね。  黒木）だから深夜に聴いていたラジオがある意味、お友達で、自分自身に語りかけてくれるような存在として捉えられていたということですね。  秀島）はい。人の声って温かいなと。自分ひとりと同じ時間に起きている誰かがいて、その人がすべては理解できないけれど、話しかけてくれているという、存在というものに、“Hi”から始めてみようかなと。  黒木）そういう体験をもとに英語も堪能でいらっしゃるし、ラジオの世界に入られるきっかけにもなったということですね。  秀島）まさにそれが入り口でした。
【完全完璧なレストア】37万㎞を走破したポルシェ911カレラ4（993）　最後の空冷モデルがフルレストアされ蘇る,カレラ4」を日常の足として使いたいと考えているようだ。 それまではまだ仕事が残っているが、PTSスペシャルカラーといい、装備の良さといい、特別な「9,"37万キロを走破したポルシェが生まれ変わる。このポルシェ911カレラ4は、もともとハンブルクから来たものだ。そして今、25年の歳月と37万㎞以上の走行距離を経て、故郷に戻り、徹底的にレストアされている。レストアのきっかけとなった記事「【このクルマなんぼ？】最後の空冷モデル993　ポルシェ911カレラ4オークション中　走行距離？　たったの37万kmです」空冷ポルシェが帰ってきた！1996年7月4日、「993」シリーズのこの「ポルシェ911カレラ4」は、「ポルシェセンター ハンブルク」に納車された。それから約26年、37万㎞を走破し、再びハンブルクに帰ってきたのだ。その気になる経緯とは！？むかしむかし： 解体される前のポルシェ911カレラ4はこんな姿をしていた。レビュー（復習）： 2021年12月、我々は非常に特別なポルシェ911がオークションに出品され、ハンブルクの愛好家によって落札されたことを記事でお伝えした。「993カレラ4」が特別だったのは、「アウディRS2」のカラーである「ラグーザグリーン」のPTS特別塗装だけでなく、なによりも走行距離の長さだった。25年間、前オーナーは、常に286馬力のポルシェを日常の足として使用していたため、充実した装備の「911」は今まで37万㎞以上の走行距離を記録しており、それも最初のエンジンのままだった。993カレラ4は7万ユーロ（約980万円）だった完全に解体された 現在のポルシェ911はこのような姿をしている。もちろん、この後、オリジナルの「ラグーザグリーン」色に塗り替える。セバスチャン リンダウ氏はハンブルクにある「パティナ・ガレージ」の社長だが、AUTO BILDの記事を読んで末尾にあった「オークションは2021年12月23日に終了するので、まだ誰かが直前のクリスマスプレゼントを確保できるかもしれない」という一文を文字通りに受け止めた。そしてクリスマスイブの前日に7万ユーロ（約980万円）でポルシェを購入した。数ヵ月後、編集者のヤン ゲッツェに電話でこの話をして、さっそくハンブルクで「993」を視察するようにと誘った。なるべく早めに時間を作って、電話から打ち合わせまで、数週間が経過していたため、ポルシェはすでに分解され、再構築の真っ最中だった。当初は「993」を改修して、再び日常の足として使うものとして修復されるつもりだったのだが、事態は当初想定したものとは異なっていた。21枚の記録簿セバスチャンはチェコでポルシェを受け取り、ハンブルクまでの700㎞を自力で走破した。バリオラムを備えた3.6リッター6気筒ボクサーエンジンは、オイルがやや湿っていたものの、エンジンはスムーズに回転した。これは、これまでのすべてのオーナーが「993」をポルシェの定期点検に出していたことに間違いない。1冊目のサービス帳のスペースがなくなると、2冊目のサービス帳が始まるだけである。現在までに「カレラ4」は21回の車検を重ね、最後の車検は2020年12月18日付け。 その時の走行距離は360,002kmだった。"
【F１】ガスリーが狙うのはマクラーレン「リカルドのシート」？ アルファタウリと契約延長で、角田裕毅の去就に影響は!?,リに留まる可能性も決してゼロというわけでなく、その場合、英国のモータースポーツ専門メディア『THE RACE』はこのフランス人がもう１枠に収まるドライ,アルファタウリとの契約を2023年まで延長したガスリー（左）。角田の去就はどうなる？(C) Getty Images　F１チームのアルファタウリは６月24日、ピエール・ガスリーとの契約を2023年まで延長したことを発表した。  　その去就が注目されていたフランス人ドライバーだが、来季もイタリア・チームの一員として戦うことが決定し、「このチームと５シーズン、共に戦ってきたが、これまでの過程と進化を誇りに思っている。アルファタウリに残留することが決まり、とても嬉しく思う。今季の新レギュレーションは、我々に新たな挑戦を突きつけており、今後18か月にわたって、チームと一緒に開発プランを進められることは、未来に向けた大きな基盤となる」とのコメントを、チームの公式サイトを通して残している。  　レッドブルのセルジオ・ペレスがモナコ・グランプリでの優勝後に2024年まで契約を延長したことを発表。これにより、2019年以来の姉妹チーム再昇格が向こう２年間は叶わないことが確定したガスリーには、レッドブル・グループ離脱の噂が流れ、今季終了後にシートが空く可能性があるアストンマーティン、マクラーレン、そしてメルセデス移籍の可能性も各国のメディアによって示唆されていた。  　しかし今回のアルファタウリとの契約延長で、ガスリーのストーブリーグの話題はひと段落ついたと言えるが、英国のF１専門サイト『planetf1』は「このフランス人の契約延長のコメントからは、現所属チームの長期プロジェクトに対する関心はあまり感じられない。彼はそのF１キャリアが途切れないよう、アルファタウリに落ち着きながらも、2023年の終わりにレッドブルから脱出できるよう模索する道を選んだ」として、再昇格は諦め、他チーム移籍に完全に舵を切ったと断定している。  　行き先としては、フェルナンド・アロンソが仮に引退したとしても、後釜にオスカー・ピアストリが控えているアルピーヌ、同様にテオ・プルシェールという有望な若手を有するアルファロメオの可能性は低いと見ており、アルファタウリと比べたらステップダウンとなるウィリアムズも除外。セバスティアン・ヴェッテルが去るかもしれないアストンマーティンには、まだまだやる気のアロンソが映る可能性があり、ルイス・ハミルトン引退の線もあるメルセデスの場合、ジュニアドライバーがガスリーの前に並ぶことになると見られる。  　そこで、最大のターゲットとなるのが、2023年までマクラーレンとの契約をしているダニエル・リカルドのシート。昨季に加入して以来、優勝も飾っているベテランはしかし、安定感に欠けてチームメイトのエステバン・オコンの後塵を拝しており、チームからも期待に応えていないとはっきり指摘されるなど、厳しい時を過ごしている。  　マクラーレンにとっては、推定年俸1500万ドル（約20億円）でチャンピオンシップランキング13位に沈んでいるコスパの悪い32歳のベテランよりも、その３分の１の500万ドル（約７億円）の26歳（ガスリー）が魅力的に映るのは当然であり、来年になって状況が変わらなければ、両者の距離が一気に縮まる可能性は非常に高いだろう。ゆえに両ドライバーの今季、来季のパフォーマンスには要注目である。
実質600万円 新型テスラモデルYの実車を見に行ってきた!　はたして買いか?　モデル3と比べてどう違うのか？,動することがあるが、これだけ広いとロードバイクを載せるのも容易だ。 　スポーツやキャンプのためにアクティブにモデルYを使い倒したい、というユーザーにはピッタリだ。,ベストカーWeb　6月10日にテスラのプレミアムミッドサイズSUV、モデルYが日本で受注開始された。2020年から導入されているアメリカでは人気車種となっており、2022年1～3月期にモデルYは約5万2000台が登録され、全米EV新車登録台数トップの座に輝いた(調査会社Experian調べ)。  【画像ギャラリー】モデルYとモデル3を画像で徹底チェック！(27枚)  　ちなみに2位は約4万8000台のテスラモデル3、そして3位は約9000台のテスラモデルSだ。4位のフォードマスタング Mach-Eの登録台数が約7000台だから、アメリカ市場でモデルYはその7倍以上売れているということになる。  　そんなモデルYだが、右ハンドル仕様が生産される上海ギガファクトリーがコロナ規制により台数が稼げず、受注開始が延期されていた。それも正常化に向かいつつあり、ようやく日本で受注開始となった。その実車をテスラ新宿で見られるというので、さっそく見に行ってきた。  文/柳川洋 写真/ベストカーweb、柳川洋■写真と実際に見るのでは大違い！モデル3と比べ物にならないぐらい強い押し出し感1/56月10日から受注が開始されたテスラモデルY。ボディサイズは全長4751×全幅1921(ミラー含まず)×全高1624mmこちらはモデル3。ボディサイズは全長4694×全幅1849×全高1443mm。画像ではあまり雰囲気の違いが感じられないが、実際はボリューム感がかなり違うという実車を確認すると、リアフェンダーの張り出しとボディのベルトラインがモデル3とは大きく異なることがわかるドアパネルの上端は筆者の腰骨より上、肋骨の一番下あたりに位置。ドア本体は縦にも横にも大きいこちらはモデル3。先の画像と手を当てている高さは同じだ。モデルYとの高さの違いが非常に大きいことがお分かりになるだろう　ウェブサイトで見たモデルYは、モデル3がわずかに大きくなり、車高が高くなっただけに見え、それほど強い印象を受けなかった、というのが正直な感想だ。だが、テスラ新宿でモデルYのRWDの実車をこの目で見てみたら、モデル3とは全く違うボリューム感に圧倒された。  　リアフェンダー部の張り出しが大きく、ホイールアーチ部の艶消しのモールがそれをさらに強調、またオプションの20インチホイールが装着されていたこともあり、後ろから見た時に受ける「押し出しの強さ」が半端ではないのだ。  　圧倒的なボリューム感を生み出しているもう一つの要因が、ドアパネルとテールゲートの形状。モデルYはSUVということもあり、リアトランクを備えるモデル3と違ってパワーテールゲートが採用されているが、ドアパネルからテールゲートまで流れるラインの位置が、とても高いのだ。ドアパネル上端は、ご覧の通り身長178センチの筆者の腰骨の位置より高い。  　モデルYのサイズは、テスラのオーナーズマニュアルによると全長4751mm×全幅1921mm(ミラー含まず)×全高1624mm。モデル3の4694mm×1849mm×1443mmと比較して、モデルYは57mm長く、72mm広く、181mm高いことになる。  　実車において、モデルYの車格がモデル3対比で1枚も2枚も上に見えるのは、この高さによる部分が大きいのではないかと感じた。
バイエルン、レヴァンドフスキ売却に最低でも85億円求む,000万ユーロ(約56億8000万円)に増額。だが、イギリス『スカイ・スポーツ』によると、バイエルン側は最低でも6000万ユーロ(約85億2000万円,(写真：Getty Images)ポーランド代表FWロベルト・レヴァンドフスキ(33)の去就はまだまだ落ち着かなさそうだ。  2014年夏からプレーするバイエルンで輝かしいキャリアを送るものの、今夏の退団希望を明らかにしたレヴァンドフスキ。頑なに2023年夏までの現行契約を主張するバイエルンとの綱引きが続くなか、バルセロナの動きが取り沙汰されている。  バルセロナはつい先日に3度目のオファーを打診して、移籍金額を4000万ユーロ(約56億8000万円)に増額。だが、イギリス『スカイ・スポーツ』によると、バイエルン側は最低でも6000万ユーロ(約85億2000万円)を求めているという。  バイエルンでは先日、セネガル代表FWサディオ・マネの加入が決定。これでレヴァンドフスキの移籍も先進するかに思われたが、ウリ・ヘーネス名誉会長は「チーム内競争を激化させるためにサディオを獲得した」と関連を否定している。  バルセロナとも相思相愛ともされ、バイエルンの頑なな姿勢に嫌気が差して、プレシーズン不参加の強硬手段に出るとの報道もなされ始めるレヴァンドフスキだが、3者とも円満な形での決着が望まれるが、果たして。超WORLDサッカー！
梅雨明けした関東甲信や東海で猛暑日続出　これからさらに気温上昇　熱中症に厳重警戒,体を冷やすことができます。 体を冷やしながら、水分補給を行いましょう。スポーツドリンクや、0.1～0.2%の濃度の食塩水(1ℓの水に対して1～2gの食,画像：tenki.jpきょう27日(月)も各地で気温上昇。午前11時までの最高気温は、群馬県桐生市で36.3℃など、関東甲信や東海で猛暑日が続出。このあとさらに気温が上がり、猛烈な暑さになりそう。引き続き、熱中症に厳重警戒を。梅雨明けした関東甲信と東海で猛烈な暑さにきょう27日(月)、気象庁は、「関東甲信、東海、九州南部で梅雨明けしたとみられる」と発表しました。関東甲信や東海では、朝から日差しがたっぷりで、気温がグングン上がっています。  午前11時までの最高気温は、群馬県桐生市で36.3℃、伊勢崎市で35.9℃、前橋市で35.2℃、静岡県川根本町で34.7℃などとなっています。東京都心は、34.1℃で猛暑日一歩手前です。  このあと、関東甲信や東海ではさらに気温が上がり、最高気温は、桐生市や伊勢崎市、前橋市で38℃、東京都心は36℃の予想で、猛烈な暑さになるでしょう。千葉県には「熱中症警戒アラート」が発表されていますが、「熱中症警戒アラート」が発表されていない地域でも、熱中症の危険性が極めて高い気象状況となるため、厳重な警戒が必要です。熱中症の応急処置　涼しい場所へ移動画像：tenki.jpめまいや立ちくらみ、顔のほてりなど、熱中症かなと思う症状が見られたら、まず声をかけ、意識があることを確認します。意識がない場合には、すぐに救急車を呼びましょう。救急車が到着するまでの間に応急処置を始めてください。呼びかけへの反応が悪い場合は、無理に水を飲ませてはいけません。  すぐに、安全で涼しいところへ移動させましょう。自分の足で歩ける状態でもめまいや立ちくらみ、一時的な失神によるふらつき・転倒を防ぐために両側から2人で支えることが大切です。クーラーが効いた室内や車内、屋外では、風通りのよい日かげに移動し、安静にしましょう。横になって、足を10cm程度高くすることで、心臓への血流がよくなって血圧が上がり、脳への血流を改善させる効果が期待できます。熱中症の応急処置　体を冷やすポイント画像：tenki.jp衣服をゆるめて、保冷剤やペットボトルなどにタオルやハンカチを巻いて、体を冷やしましょう。早く体温を下げるには、太い血管が流れている両側の首筋、わき、足の付け根などを冷やすと効果的です。保冷剤などがない場合は、皮膚に水をかけて、うちわや扇子などであおぐことでも体を冷やすことができます。  体を冷やしながら、水分補給を行いましょう。スポーツドリンクや、0.1～0.2%の濃度の食塩水(1ℓの水に対して1～2gの食塩を加えたもの)などを自分で飲んでもらい、体内から失われた水分・塩分を補います。自分でうまく飲めない場合や、嘔吐や吐き気などがあって水分補給に適さない場合は、医療機関を受診しましょう。日本気象協会 本社 日直主任
【ソフトバンク】首位にはいるが突破力はない　１点差試合「借金２」６月成績「借金１」,＜ニッカンスポーツ・コム／プロ野球番記者コラム：CATCH！！＞ 　＜ソフトバンク2－3日本ハム＞◇26日◇ペイペイドーム 　プロ野球の取材をしてい,ソフトバンク対日本ハム　延長10回表、悪送球で日本ハムに勝ち越しを許し、肩を落としてベンチへ戻る嘉弥真（右）。左は甲斐（撮影・岩下翔太）＜ニッカンスポーツ・コム／プロ野球番記者コラム：CATCH！！＞  　＜ソフトバンク2－3日本ハム＞◇26日◇ペイペイドーム  　プロ野球の取材をしていると、試合で達成されそうな記録を調べ始めるとなかなか成就しないというジンクスがある。記録というほどではないが、ちょっとした数字が気になって調べ始めたら、ソフトバンクがBIGBOSS新庄監督率いる日本ハムに延長戦で負けてしまった。  　「気になった数字」というのはホークスの「1点差勝敗」だった。4位に甘んじた昨年は1点差の試合で8勝19敗と大きく負け越した。接戦を落としたことは低迷の要因でもあった。だが、今季は交流戦を終え、リーグ再開して首位奪回。日本ハムにも2連勝し、カード3戦目は1－1から6回に三森の適時二塁打で勝ち越しに成功。7回からは藤井－又吉－モイネロとつないで「逃げ切り」での3連勝を想定していたのだが…。    　今季ホークスの1点差は7勝8敗だった。勝てば星勘定は五分となる。大きく負け越した昨年の数字を払拭（ふっしょく）するターニングポイントになるのでは？　と思っていたのだが…。結果はご存じの通り8回に上川畑のプロ1号で同点とされ、延長10回にエラーが絡んで決勝点を献上。何とも悔しい「1点差負け」でゲームセット。1点差勝敗は7勝9敗の「借金2」となってしまった。6月の勝敗も2試合を残して9勝10敗の「借金1」。首位にはいるが、まだまだチームに突破力はない。  　泥臭く1点を積み上げ、何とかブルペン陣の奮投で「先行逃げ切り」を目指す藤本監督にとっては、まさに「暗転ゲーム」となったわけだ。試合後にはさらに球団リリースで和田、グラシアル、野村勇、本多コーチが新型コロナウイルス陽性疑いと発表された。27日はロッテを相手に東京ドームで「鷹の祭典」が行われる。チームは敗戦後に空路上京。何とも厳しい戦いを強いられることとなってしまった。【ソフトバンク担当　佐竹英治】
東大「塾行かず現役合格」部活引退後にした凄い技,態でやったのは、「野球やスポーツの分野で活躍した人の思考の型を、そっくりそのままインストールすること」でした。 ・スポーツ選手がやっているとおり、計,東大生の思考術について解説します（写真：Lukas／PIXTA）「頭のよさ」は生まれもったものと考えがちです。ところが、「『頭がいい』『かしこい』と思われている人は、ゼロからイチを生み出しているわけではなく、結論を導くための「思考の型」を持っていて、それにのっとって物事を考え、努力している」と指摘するのが、学習塾には行かず、公立高校から現役で東京大学理科一類に合格した永田耕作さんです。 では「思考の型」とはどういうものなのか。新著『東大生の考え型 「まとまらない考え」に道筋が見える』の著者でもある永田さんが解説します。  【図】「努力しているか（努力量）」と「結果が出ているか（成功／失敗）」を軸にしたマトリックス■スポーツで活躍した人の「思考の型」をインストール  　みなさんは、「頭のいい人」ってどんなイメージを持っていますか。  　僕は中高生のころ、「頭のいい人」にあこがれていました。例えば「当意即妙な返事をする、頭の回転が速い人」や「説明がわかりやすく、プレゼンが上手い人」「記憶力がよく、勉強ができる人」………こういう人って、うらやましいですよね。みなさんも「こんな人になりたいな」 と思う人が周りにいるのではないかと思います。　では、そういう人の頭のよさは生まれつきのものなのでしょうか。当時の僕の考えは、「頭のよさ=先天的な才能」で、後から頑張っても身につけられないんじゃないかと思っていました。でも実は、違うことに気がついたのです。  　僕は高校3年生で部活をやめるまでずっと野球少年で、とうてい東大に行けるような実力はありませんでした。そんな状態でやったのは、「野球やスポーツの分野で活躍した人の思考の型を、そっくりそのままインストールすること」でした。・スポーツ選手がやっているとおり、計画を立てて、その計画どおりに物事が進められるかを確認する ・自分の勉強を振り返り、どこか改善できることはないかと考えるノートを作る ・失敗したときに、何がダメだったのかを分析する 　「型通り」に、スポーツでやったことをそのまま受験勉強に応用したのです。するとなんと、一気に成績が上がり、そのままあこがれの東大に合格することができました。  　そして、東京大学に入学してから、僕はあることに気づいたのです。実は東大生たちも、イチから何かを考えるのではなく、誰かがやっている思考の型をコピーして、その通りに勉強しているから頭がいいのです。
「コペン」20周年記念特別仕様車があまりにも早い、5日で完売、受注終了!!,ローブ）」「XPLAY（エクスプレイ）」「GR SPORT（ジーアールスポーツ）」は、6月19日の20周年記念特別仕様車発表時にアナウンスされた通り、,"「コペン」20周年記念特別仕様車※寄稿元:月刊自家用車編集部(内外出版社)  6月19日に発表され、1000台限定で先行受注を開始したダイハツの軽2シーターオープン「コペン」の20周年記念特別仕様車が受注開始からわずか5日後の6月24日に受注台数が1000台に達し、受注終了となった。  [関連写真、22点掲載!!]　～「コペン」20周年記念特別仕様車があまりにも早い、5日で完売、受注終了!!～ベースとなった「Cero（セロ）」をはじめ、現行グレードはこれからも販売「コペン」の20周年記念特別仕様車は、丸目のヘッドランプが初代を想起させる「Cero（セロ）」をベースに、2代目コペンとして初めて本革シートを装備し、アイボリーの内装色とシートや20周年記念のエンブレムやシリアルナンバー入りのスカッフプレートを装備し特別感を演出したモデルだった。  ダイハツは、「おかげさまで多くのお客様からご好評いただき、6月24日（金）に受注台数が1,000台に達しました。お申込みいただきましたお客様へ感謝を申し上げるとともに、受注終了によりご購入いただけなかったお客様へお詫び申し上げます。」とコメント。  なお、ベースとなった「Cero（セロ）」をはじめ、「Robe（ローブ）」「XPLAY（エクスプレイ）」「GR SPORT（ジーアールスポーツ）」は、6月19日の20周年記念特別仕様車発表時にアナウンスされた通り、ダイハツのフラッグシップカーとしてコペンを作り続けると宣言した通り、継続して販売される。   ●文；月刊自家用車編集部  ※本記事の内容はオリジナルサイト公開日時点のものであり、将来にわたってその真正性を保証するものでないこと、公開後の時間経過等に伴って内容に不備が生じる可能性があることをご了承ください。 ※特別な表記がないかぎり、価格情報は消費税込みの価格です。月刊自家用車編集部"
【初テスト】新型BMW M2クーペのプロトタイプに初試乗　そのドライビングインプレッションと最新情報！,次期M2は再び本物のBMW Mモデルとなる。M4の直列6気筒、後輪駆動で450馬力を実現。最新情報とプロトタイプで初ドライブ！ほとんどのモデルでキド,次期M2は再び本物のBMW Mモデルとなる。M4の直列6気筒、後輪駆動で450馬力を実現。最新情報とプロトタイプで初ドライブ！手ごろなサイズのFRピュアスポーツが「M2」だ。ほとんどのモデルでキドニーグリルがXXLサイズになっているし、現行1シリーズ（F40）は横置き3/4気筒エンジンのみ、後輪駆動なしと、最近のBMWファンは楽しみが少ない。また、非常に大胆なデザインの電気自動車SUV、「BMW iX」もある。しかし、遅くとも2022年秋までには、旧来のBMWファンも和むような真の内燃機関の目玉モデルが登場する。それが新型「M2（G87）」だ！BMWは現在、新型「M2」を公式に予告し、独自のウェブサイトを開設している。外観の予告に加え、コンパクトスポーツカーのエンジンについてもヒントを与えている。新型「BMW M2」のこれまでの情報をおさらい！エンジン： 新型M2では490馬力の可能性あり新世代のBMW M2は「M3」や「M4」に搭載されている排気量3リッターの新型エンジン「S58」が採用される。ひとつだけ確かなことがある。ニュー「BMW M2」もまた運転する楽しさを保証してくれる。旧型「M2コンペティション」は、すでに「S55」型直列6気筒で410馬力を発揮していたが、後継モデルはさらに数十馬力を上乗せする。  パワートレイン面では、「G87」に、「M3」や「M4」に搭載されている排気量3リッターの新型エンジン「S58」が採用されることが明らかになっている。「ノーマル」バージョンで480馬力、「コンペティション」バージョンで510馬力を発揮する。しかし、今度の「M2」は、その大きな兄弟モデルに対して、ある種の敬意を払って距離を置いている。とはいえ、ベーシックバージョンでは、最高出力450馬力、最大トルク550Nmが後輪で裂ける。ギアチェンジは標準でマニュアルミッションと、オプションでお馴染みのZF製8速オートマチックが用意されている。  「M3」や「M4」にオプションで用意されている全輪駆動はなく後輪駆動のみのようだ。「xDrive」を搭載しないことで、より軽量化されたM2は、大きな兄弟モデルを性能面で凌駕し、シェアを奪うと推測される。ドライビング: カモフラージュされたM2でアクセルを踏み込む（アップデート情報！）M2には、クラシックなエキゾーストシステムが残されている。ただし、オプションで「Mパフォーマンスパーツ」も用意されている。我々は今回まだ厳重にカモフラージュされたプロトタイプで最初の周回をすることを許された。高速走行時には、「M2」は先代モデルよりもはるかに方向安定性が高く、同時に短いホイールベースによって縦軸方向の動きも十分に確保されている。クーペは約4秒で0から100km/hまで加速し、最高速度は280km/hに設定されている。
山縣選手の偉業刻む　男子１００日本新のプレート設置,５）を樹立した山縣亮太選手（３０）の偉業を後世に伝えようと、鳥取県と県スポーツ協会は記念プレートを制作した。２６日に披露され、同陸上競技場のロビー壁面,男子１００メートルで日本記録を樹立した山縣選手（右）の偉業をたたえ、制作された記念パネル＝２６日、鳥取市布勢のヤマタスポーツパーク　鳥取市のヤマタスポーツパーク陸上競技場で昨年、男子１００メートルの日本記録（９秒９５）を樹立した山縣亮太選手（３０）の偉業を後世に伝えようと、鳥取県と県スポーツ協会は記念プレートを制作した。２６日に披露され、同陸上競技場のロビー壁面に設置された。（６月２７日９面参照）  　プレートは縦３０センチ、横４０センチ。記録を樹立した昨年の布勢スプリントで走る山縣選手の写真とともに記録や日付などが記されている。  　公園内の特設ステージで行われたお披露目式には、平井伸治県知事らが参加。プレートを見た山縣選手は「素晴らしいプレートを作っていただき、うれしい。この記録を励みに、９秒８台に近づける活躍ができれば」と意気込んだ。  　ベルリン五輪（１９３６年）の男子三段跳びで金メダルを獲得した田島直人さん（故人）に贈られた「栄光の樹」の種から育てた苗木の植樹式もあり、同陸上競技場の観客席入り口付近に、山縣選手らが丁寧に土をかけた。
TGR初の1-2-3-4フィニッシュ。豊田章男氏「チームの力にも心から感謝したい」／WRCケニア,みんなに迎えられ、サファリ・ラリーも我々のホームラリーとして戦えました！ [オートスポーツweb ],表彰台独占だけでなく上位トップ4を占めたTOYOTA GAZOO Racing WRT　2022年WRC第6戦サファリ・ラリー・ケニア　6月26日、WRC世界ラリー選手権第6戦ケニアの競技最終日、デイ4のSS14～19が行われ、TOYOTA GAZOO Racing WRTのカッレ・ロバンペラ／ヨンネ・ハルットゥネン組が優勝した。また、チームメイトのエルフィン・エバンス／スコット・マーティン組が総合2位、勝田貴元／アーロン・ジョンストン組が総合3位表彰台を獲得し、さらにセバスチャン・オジエ／ベンジャミン・ヴェイラス組が総合4位に入ったことでトヨタは1993年以来、29年ぶりとなるワン・ツー・スリー・フォー・フィニッシュを達成した。この結果に対し、TGRチームオーナーである豊田章男氏がコメントを発表している。  【順位結果】2022年WRC第6戦ケニア SS19後  　昨年、19年ぶりにWRCイベントに復帰した伝統のサファリ・ラリーは、オジエと勝田によるトヨタのワン・ツー・フィニッシュで幕を閉じた。今年、ケニアでの一戦はさらに厳しさを増し、“フェシュフェシュ”と呼ばれる、目の細かい砂状のグラベルが堆積した路面や、降雨により泥状となった滑りやすい路面、大きな穴や鋭い石が待ち受ける荒れた路面など、今シーズンもっとも困難な路面での戦いとなった。 　 　今戦に挑んだ4台のトヨタGRヤリス・ラリー1は、他の多くのクルマが深刻なトラブルに見舞われるなか、パンクチャーや小さなトラブルこそ発生したものの深刻なダメージを回避。高い信頼性と速さを両立した走りでラリーをリードし、トップ4を独占するかたちで圧勝してみせた。  　そんなチームとクルーに対し豊田オーナーが祝福の言葉を贈った。同氏はコメントの中で、「この素晴らしい結果が今まで積み重ねてきた“チーム力”の賜物だと感じられることが、なによりうれしい」と語っている。  　豊田TGRチームオーナーのWRC第6戦ケニア後のコメント全文は以下のとおりだ。  ＊　＊　＊　＊　＊　＊　＊  豊田章男 チームオーナー  カッレ、ヨンネ優勝おめでとう！ エルフィン、貴元、セブ、1-2-3-4フィニッシュという素晴らしい結果をありがとう！　アーロンは、初ポディウムおめでとう！  TOYOTA GAZOO Racing初の4台上位独占は、厳しいケニアの道を、みんなが無事に帰ってきてくれたからこその結果です。“ラリーは、いかにトラブルなく走り切れるかがなにより大切”ということを、改めて強く感じました。もちろん無事に最後までクルマを運んでくれたドライバーたちの力は大きいですが、その裏にあるチームの力にも心から感謝したいと思います。  チームのみんなは前戦での厳しい結果に気を落とすことなく、ケニアへの準備を短時間でやりきってくれました。中にはケニアに入ってから完成させたパーツもあったと聞きます。サービスの合間にも、メカニックやエンジニアが悪路対策などの知恵を出し合い、ラリーがスタートしてからもサファリの道に対応するための改善を繰り返してくれていたそうです。“もっといいクルマづくり”を“走りながら”“道の上で”実践してくれるチームを本当に頼もしく思います。  優勝したカッレは、初日にコースオフしクルマを破損していました。チームの多くが心配する中メカニックたちは「大丈夫！ なおせる！」と笑顔で言い、15分しかない中でクルマを元通りにしてくれていました。  初日のビハインドからでも優勝するカッレの運転も素晴らしいですが、あっという間にクルマを直してしまうメカニックたちの腕と自信も本当にすごいと思います。今回、この素晴らしい結果が今まで積み重ねてきた“チーム力”の賜物だと感じられることが、なによりうれしいです。  ファンの皆さまの声援もやはり、チームにとって大きな力となっています。いつも、ありがとうございます。2022年シーズンは次から後半戦に入ります。引き続き、ご声援をよろしくお願いいたします。  追伸 現地応援に駆けつけてくれたトヨタケニアのみんなもありがとう！ みんなに迎えられ、サファリ・ラリーも我々のホームラリーとして戦えました！  [オートスポーツweb ]
「鎌倉殿の13人」と重なる大企業のリストラ劇、生き残ったおじさんの懺悔,「昔は人がいっぱいいたのに、今はどんどん首切りやってるよね」と話すのは、大手ITベンダーに勤務する営業マンのKさん（50代後半）だ。 　勤続30年を超える,大企業はリストラを通して人をどんどん入れ替えている（提供：アフロ）　「あれ、こんなところでおじさんが働いてる……」  　近年、非正規労働の現場で、しばしば「おじさん」を見かける。しかも、いわゆるホワイトカラーの会社員が、派遣やアルバイトをしているケースが目につくようになった。  　45歳定年制、ジョブ型雇用、そしてコロナ──。中高年男性を取り巻く雇用状況が厳しさを増す中、副業を始めるおじさんたちの、逞しくもどこか悲壮感の漂う姿をリポートする。  　【関連記事】 ◎「副業の森」に惑うバブル世代は人生100年時代のロールモデルになれるか（https://jbpress.ismedia.jp/articles/-/70518） ◎一番ギャラの高いチラシは自民党、ポスティングで月8万円稼ぐおじさんの本音（https://jbpress.ismedia.jp/articles/-/70409） ◎「副業の森」をさまよう人材派遣おじさんの夢はまさかのユーチューバー（https://jbpress.ismedia.jp/articles/-/70099） ◎在宅副業の夢も崩壊、倉庫バイトを続けるバブル世代の終わらない自分探し（https://jbpress.ismedia.jp/articles/-/69744）  　（若月 澪子:フリーライター）  ■　無慈悲なリストラを描く「鎌倉殿の13人」  　放送中の大河ドラマ「鎌倉殿の13人」は中盤に入り、源頼朝が死んだ。ドラマではこれまで、頼朝が自身の権力を盤石にするために、家臣や血縁者を粛清する様子が描かれてきた。頼朝亡き後は、主人公の北条義時が源氏の家臣を次々と滅ぼしていく、血みどろの権力闘争が加速していくことになるだろう。  　この「人間を切り捨てる」という無慈悲な場景は、現代の日本企業にはびこるリストラ劇とも重なる。  　終身雇用が崩壊しつつある一方、国は企業に対して65～70歳まで雇用を延長するように求めている。企業は人を減らしたいのに、長期雇用で人件費がかさんではたまらない。そこで、困った大企業が乱用しているのが、40歳以上の中高年のリストラである。  　「昔は人がいっぱいいたのに、今はどんどん首切りやってるよね」と話すのは、大手ITベンダーに勤務する営業マンのKさん（50代後半）だ。  　勤続30年を超えるKさんは、ヨーロッパやアジアに数年ずつ赴任した経験があり、海外ビジネスを手掛けてきた営業のベテランだ。Kさんは本部長級まで出世したが、55歳で役職定年となり、肩書きを外されてヒラになった。  　ところが幸か不幸か、Kさんがヒラに落とされた数カ月後に、会社がジョブ型雇用を採用することになったのである。
【フィリピン】比日米の光海底ケーブル、７月に開通,の約60Ｔｂｐｓに引き上げられる。 　クラウド・サービスやフィンテック（ＩＴを活用した金融サービス）、コンテンツ配信といったデジタルサービスへの需要増,"フィリピンの通信大手ＰＬＤＴは24日、日本、米国、フィリピンを結ぶ大容量光海底ケーブル「ジュピター」が７月までに開通すると発表した。国外との通信容量は現在の20テラビット毎秒（Ｔｂｐｓ）から３倍の約60Ｔｂｐｓに引き上げられる。  　クラウド・サービスやフィンテック（ＩＴを活用した金融サービス）、コンテンツ配信といったデジタルサービスへの需要増大に対応する。顧客に高速通信を提供するとともに、海底ケーブル断線時の迂回（うかい）ルートを確保する。  　ジュピターの敷設は、各国通信会社による共同事業。総延長は１万4,000キロメートルで、米西海岸、日本、フィリピンの北カマリネス州ダエトを結ぶ。  　ＰＬＤＴが管轄する国際海底ケーブルは17本に増える。同社の国際海底ケーブル網は既に国内最大。向こう２年内には、同社が参加して日本やほかのアジア諸国などとを結ぶ「ＡＤＣ（アジア・ダイレクト・ケーブル）」、「アプリコット・サブシー・ケーブル・システム」も完成する予定になっている。"
博報堂系2社と資本業務提携　DG子会社、デジタル広告拡大,IT企業デジタルガレージ（DG）は27日、広告子会社BIガレージ（東京）が、博報堂DYホールディングス傘下のインターネット広告2社と資本業務提携したと発表した。,IT企業デジタルガレージ（DG）は27日、広告子会社BIガレージ（東京）が、博報堂DYホールディングス傘下のインターネット広告2社と資本業務提携したと発表した。  　時事通信を含むメディア28社と連携し、高品質で安全な広告の提供を拡大。デジタル広告市場で強い影響力を持つ巨大IT企業に対抗する。  　BIガレージは、記事やコンテンツの文脈を解析し、利用者の興味や関心に合った広告を配信する「コンテクスト広告」を展開している。今回の提携で、いずれも東京に本社を置く博報堂DYメディアパートナーズとデジタル・アドバタイジング・コンソーシアムの2社から出資を受け入れる。金額は明らかにしていない。  　デジタル広告業界では、利用者のデータを収集する「ターゲティング（標的型）広告」によって、行き過ぎた個人情報収集や、意図しないサイトへの広告掲載によるブランド価値毀損（きそん）などの課題が発生している。
釜山、「フィンテック」を育てる,渉している」とし、「企業利益率を引き上げるためにはデータ基盤の情報技術（IT）内在化が必須」と強調した。( 釜山で ) 記者   ミン・ガンテ  mi,17日、釜山グローバルフィンテック産業振興センターが開いた最高経営者(CEO)ワークショップでキム・スファンセンター事務局長(右)が成果報告を行った。 ( グローバルフィンテック産業振興センター 提供)&nbsp;<br /><br />釜山（プサン）のフィンテック産業が熱くなっている。ビッグデータ、人工知能(AI)、ブロックチェーンなどの技術が金融決済システムはもちろん小規模事業者のマーケティング、物流、医療、教育、エンターテイメントなど多様な産業群と結合して相乗効果を出している。  融合・拡散するフィンテック  フィンテック関連スタートアップを支援するグローバルフィンテック産業振興センター（Global Fintech Industry Promotion Center、以下センター）は最近、入居企業を対象に開いた最高経営者（CEO）ワークショップでこれまでの成果を共有した。センターによると、2019年10月の開所後、入居企業の売上が135億ウォン（約14億1000万円）から昨年273億ウォン（約28億6000万円）へ増加した。2020年に121億ウォン（約12億7000万円）水準だった投資・融資額は昨年159億ウォン（約17億円7000万円）を達成し、知識財産権は同期間で149件から194件に増えた。センターの徹底した審査を経て生まれる入居企業間のコラボレーション事例も37件から58件に増加した。  入居企業の事業アイテムは多様だ。ネクソル （NexSol）は人工知能とブロックチェーン技術を融合し、義務・政策保険分野を扱う。マリンソフト（MARINESOFT）は海洋・船舶管理・造船分野にフィンテック関連技術とサービスを融合し、バルム（BARUM）はデータ分析を基にしたデジタルマーケティング事業で、韓国内の大企業はもちろん、海外大学との技術研究を進めている。他にも多住宅保有不動産管理サービスを提供する福婦人（ボクブイン/mrsbok）、コールドチェーン物流サービスを開発したスペースポート（SPACEPORT）、ブロックチェーンベースの医療費支給決済サービス運営会社であるMedifun(メディファン)などがフィンテック関連技術の高度化に汗水を流している。  フィンテックの核心はデータの内在化  フィンテック関連技術の核心は、データベースの経営システムの内在化である。間食のプラットフォームを作ったセンター入居企業フードトラベル（giftluck）が代表的な事例だ。フードトラベルは2018年、主要な祭り・観光地にフードトラックを配置する事業を始めた。売上が増えるほど変動費が増加するという限界を抱えていた。フードトラベルは2020年センター入居を皮切りに劇的な変化を迎えた。企業・消費者間取引（B2C）構造を企業間取引（B2B）に変えたためだ。基本的には、ビジネスシステムをデータベースのプラットフォームに変更した。単純なアンケート中心であった顧客満足度項目を細分化し、顧客満足度データセットを構成する変数を増やして、プラットフォームが提供するサービスを多角化することに成功した。2020年に9700万ウォン（約1000万円）だった売上高は昨年8億2000万ウォン（約8600万円）に増加した。今年は上半期に昨年の売上を超えて年内20億ウォン（約2億1000万円）以上の売上を記録すると期待される。  センターはデータに基づいたカスタマイズされたデータ分析教育とデータ購入支援事業を行っている。SK Planet（位置基盤データ）、ハナカード（HANAカード、決済及びクレジット指数データ）、BCカード（決済及び加盟店詳細データ）、Fast campus（ファーストキャンパス）などリーディング企業が地域のスタートアップと共同で技術開発中だ。コラボレーション、財務諸表など多様な指標をダッシュボードを通じて常時管理している。  キム・スファン センター事務局長は「今年5～10の入居企業の資金調達のためにベンチャーキャピタルと水面下で交渉している」とし、「企業利益率を引き上げるためにはデータ基盤の情報技術（IT）内在化が必須」と強調した。( 釜山で )  記者   ミン・ガンテ   minkt@hankyung.com
DeepL翻訳は英語ネイティブも外資企業も使ってる気になるその「使い方」とは,学習データの量では圧倒的に優位に立っている大手IT企業に対して、DeepLがとる「データの量で大手IT企業に勝てないのであれば、質で対抗する」という興,日本でも機械翻訳ツールとしてメジャーな存在になったDeepL翻訳。こんにちは。パロアルトインサイトCEO・AIビジネスデザイナーの石角友愛です。今回は、AI翻訳の新しい使い方や可能性についてご紹介します。  【全画像をみる】DeepL翻訳は英語ネイティブも外資企業も使ってる…気になるその「使い方」とは  AI翻訳というと、グーグル翻訳を思い浮かべる方も多いと思いますが、ここ数年で自然な翻訳ができるとして「DeepL（ディープエル）」を使う例が増えているようです。  DeepLは2017年8月28日にサービスを開始した、無償利用もできる機械翻訳サービスです。ドイツのケルンに本拠地を置 DeepL GmbH（旧Linguee） が開発しました。  初期対応言語は、英語、ドイツ語、フランス語、スペイン語、イタリア語、ポーランド語、オランダ語と欧州中心の展開でしたが、着実に対応言語を増やし、2020年3月19日には日本語と中国語にも対応。2022年5月には28種類の言語について、650通り以上の組み合わせで翻訳できるようになっています。  DeepLの翻訳は、これまでさまざまなメディアでGoogle 翻訳よりも精度が高く、微妙なニュアンスのある翻訳ができると肯定的な報道を受けています。実際のブラインドテストによるプロの翻訳者の評価でも支持を得ている、と同社は発表しています。  日本語の調査結果を例に取ってもう少し詳しく解説すると、同社発表のグラフからは、英語→日本語への翻訳の場合、DeepL翻訳がGoogle 翻訳に対して約3.7倍の確率でプロの翻訳者から高い評価を得ている、とします。また日本語→英語への翻訳の場合にも、DeepL翻訳がGoogle 翻訳に対して約2.8倍の確率でプロの翻訳者から高い評価を得たそうです。  DeepLの利用シーンをめぐって特に興味深いのが日本での利用状況です。  サイトのアクセス状況の概要を把握できるサービス「SimilarWeb」によると、2022年5月の利用者数において、日本は世界中でDeepL開発拠点のドイツをしのぐ、1位（14.51％）となっていることがわかります。  こうした背景もあり、2021年の日本経済新聞によるインタビューに対し、最高経営責任者（CEO）のヤノスラフ・クチロフスキ氏も「（米グーグルなどに対する）優位性を維持できる」と自信を示しています。  DeepLの高性能な翻訳は、どういった技術に裏付けされているのでしょうか。  DeepLの創設者・CEOであるヤノスラフ・クチロフスキ氏がLinguee GmbHにてDeepL翻訳の開発に着手したのは2016年とのこと。  開発当初、DeepLの前身であるオンライン辞書の「Linguee」を開発・公開してから10年近くが経とうとしており、Lingueeで培った「語彙や慣用句、フレーズ単位で翻訳文を検索して、最適な翻訳例を導き出すアルゴリズム」や、「膨大なデータセット」を活用できる状態であったといいます。そこで、そうした基盤を活用しつつ、根幹を成すニューラルネットワークに多くの改良を加えて出来上がったのがDeepLです。  クチロフスキ氏は「（Lingueeの開発・運用を通じて）この分野での素晴らしいノウハウと、機械翻訳ツールを作るために必要なデータの基盤を得ることができました」と述べています。  また、「DeepL（ディープ・エル）」の名の通り、同社の翻訳には深層学習が応用されています。DeepLの公式FAQによると、Googleなどのビッグテック企業との違いはAIの学習データの取得方法にある、とします。  同FAQによると、DeepLではより高い翻訳品質を実現するために、学習データの取得方法を工夫していると言います。そのために、「インターネット上の翻訳」を自動的に探し出し、その品質を評価する特殊なクローラーを開発したとのことです。  これには、長年ウェブクローラーを開発し学習データの量では圧倒的に優位に立っている大手IT企業に対して、DeepLがとる「データの量で大手IT企業に勝てないのであれば、質で対抗する」という興味深い戦略が読み取れます。
スマートIoTデバイス開発「iData」、約20億円調達。小売りや物流業界の効率化に一役,た2度のチャンスを捉えてきた。一つは13年から18年にかけての宅配便物流IT化に伴うもの。もう一つは16年から急成長したニューリテールでオンラインとオ,IoTスマートデバイスを開発する「盈達聚力（iData）」がこのほど、シリーズAで1億元（約20億円）以上を調達した。三一創投が出資を主導し、保騰資本など複数のベンチャーキャピタルが出資に加わった。調達した資金は研究開発費のほか、海外展開を一層進めるために用いられる。  2010年に設立された盈達は、自動認識・データ取得（AIDC）分野にフォーカスして、PDA（携帯情報端末）、スキャナー、RFID（近距離無線通信による自動認識技術）などスマートデバイスの開発に注力しており、製品はすでに小売り、物流、製造、医療、公共事業などの分野で広く活用されている。  ■技術変革と市場の急拡大  盈達は2010年の設立以来、モバイル端末の活用が急拡大した2度のチャンスを捉えてきた。一つは13年から18年にかけての宅配便物流IT化に伴うもの。もう一つは16年から急成長したニューリテールでオンラインとオフラインの融合を急ピッチで進め、ピッキング・配送効率と在庫精度を高める必要があったことだ。  技術革新や市場の急拡大、新業態の急成長に伴い、モバイル端末を活用したビジネスデータ収集の効率と精度の向上を望む企業が増えており、AIDC市場の急成長を促進した。市場調査会社マーケッツアンドマーケッツによると、AIDC市場は2020年の401億ドル（約5兆4100億円）から25年には803億ドル（約10兆8300億円）に増大する見込みで、20-25年の年平均成長率は14.9％と予測されている。  ■特定分野に特化、独自技術が強み 盈達はスマートデバイス、RFID、スキャナーという3つの製品ラインを構築しており、ソフトウエア企業200社余りと提携しながら、商品発送、出入庫管理、トレーサビリティー、バイタルサインの測定、防疫検査などさまざまなシーンに適用させてきた。2020年8月には業界初の5G版PDAを発売している。  AIDCの中核となるのは、バーコードやRFIDを用いたデータの識別と読み取りだ。画像処理技術が成熟するにつれて、さまざまな企業が読み取り精度の向上を図り、マシンビジョンを取り入れることで欠陥検出や計測などへと活用範囲も広がっている。   世界のAIDC市場は現在Zebra、Honeywell、Datalogicなど欧米の老舗メーカーが占めているものの、これら世界大手は主に欧米市場が中心で、東南アジアや中南米などでは明確な優位性を打ち出せていないため、ここが一つの突破口となる。  中国産PDA製品の技術レベルを高めるため、盈達は早くも2016年から研究開発に重点を置いた投資を行い、データ取得モジュールの独自開発を進めた。18年には自社開発モジュールを組み込んだ製品の開発に成功、国際ブランドに引けを取らない性能を実現しながら、価格面で優れた競争力を持つ。   現在、盈達はニューリテール、物流、スマートマニュファクチャリングという3つの業種に焦点を当てて事業を展開している。顧客には次世代スーパー「盒馬鮮生（Hema Fresh）」、共同購入「美団優選（Meituan Select）」、地域の物流拠点「菜鳥ステーション」、中国郵政、家電大手「美的集団（Midea）」、自動車メーカー「比亜迪（BYD）」など有名企業が名を連ねる。  海外では、盈達はタイ、インドネシア、シンガポール、米国、イタリアなどに支社を開設している。重点市場としては、まず中国EC事業者の海外進出の機運に乗って、急成長を遂げる東南アジアの宅配業界に狙いを定めている。もう一つは欧州のODM（設計・製造の外部委託）事業者をターゲットに、PDA設計のトータルサービスを提供する考えだ。  盈達の董事長兼CEOの王冬生氏によると、2017年に海外事業を開始して以来、事業全体における海外事業の割合は拡大を続けているといい、今年は50％増加して売上高全体の4分の1以上を占める見込みだという。 （翻訳・畠中裕子）
擬人化に卒業式...サポート終了に悲喜こもごも　「Internet Explorer」が語らずにはいられないワケ,一大ブラウザだったため知っている人が多い 　　●サポート終了に伴う職場のITエピソードも新たにシェアされ話題になった 　　●エンジニアやデザイナー泣か,提供：Courtesy of Kiyoung Jung/AFP/アフロ　ツイートまとめサービスTogetter(トゥギャッター)を運営しているスタッフがTwitterで注目された話題を厳選し、考察するコラムの第56回をお送りします。今回のテーマは「Internet Explorerのサポート終了」についてです。  Togetter社が解説する「3分くらいで分かる週刊Twitterトレンド」＜出張版＞  　Webサービスやソフトのサポート終了が発表されるとTwitterで盛り上がることがしばしば起こります。2019年3月31日に「Yahoo！ジオシティーズ」がサービス終了した際も、Twitterでは惜しむ声が多数寄せられました。  ＜「Yahoo！ジオシティーズ」サービス終了...おまけページがあの頃を完全再現した仕様に - Togetter＞  ■ブラウザシェアの変遷  　今回、Twitter上で盛り上がったのは「Internet Explorer 11」（以下、IE）がサポートを終了した、という話題です。  　今からおよそ1年前の2021年5月19日、米Microsoftは2022年6月15日にIEのサポートを終了すると発表しました。「サポート終了」は実質、アプリケーションの終了に等しいもの。その日が近づくにつれ、Twitter上にはIEを惜しむ声だけでなく、さまざまな感想が投稿、拡散されるようになったのです。  　まずは、関係者による貴重な発言をご紹介しましょう。IEの開発に携わった技術者、中島聡さんが語ったのはブラウザシェアの変遷についてです。  　1996年当時、ブラウザといえばNetscape（Firefoxの前身）が代表的でした。Netscapeからシェアを奪うべくMicrosoft社はIEの開発に力を入れ、「結果としてIEのシェアは70％を越し、Netscapeは瀕死の状態に」なったと語っています。  「ようやくお亡くなりになった」25年前にIE3開発に携わったエンジニアがブラウザシェアの変遷について語る  　ニ大巨頭と言えるブラウザ同士のシェア争いが記憶に残っている人も多いでしょう。特にNetscapeに親しみを持っていたユーザーは、当時は最大シェアを勝ち取ったIEがついにサポート終了する時代になった......ということに複雑な感情を持ったのでは。  　こうして当時の実情をよく知る人が背景を語った連続ツイートは多くの人に注目されていました。
西側愛弓　NPO立ち上げ＆起業で社会課題に貢献,、どんなキャリアに進んだとしても必要になるであろうITスキルを身に付けるための修行期間として、IT企業に入社しました」 　2年ほど働いた後に独立。20,活躍しているdoors世代の若手リーダーは今まで、どのようなキャリアや経験を歩んできたのでしょうか。本連載ではチームをけん引している女性たちにタイムマネジメント方法やマイルール、今までのキャリアなどを聞き、リーダーとして活躍するヒントを紹介...活躍しているdoors世代の若手リーダーは今まで、どのようなキャリアや経験を歩んできたのでしょうか。本連載ではチームをけん引している女性たちにタイムマネジメント方法やマイルール、今までのキャリアなどを聞き、リーダーとして活躍するヒントを紹介します。今回紹介するのは、「ファッションで社会問題に貢献したい」という思いから、学生時代にNPO法人「DEAR ME 」を設立し、2020年にサステナブルファッションブランド「coxco（ココ） 」を立ち上げた西側愛弓さん（27歳）です。  【関連画像】NPO法人「DEAR ME」代表理事、coxco代表取締役の西側愛弓さん。趣味はNetflixを観ることとホームパーティーをすること  ●「ファッションで社会貢献をしたい」　学生時代にNPOを設立  　大学生時代に海外を旅したときに貧困を目の当たりにし、「大好きなファッションで社会問題に貢献したい」と、在学中にNPO団体「DEAR ME」を立ち上げた西側愛弓さん。DEAR MEはスラム街に暮らす子どもがモデルになるファッションショーを開催する団体で、最近はフィリピンの教育と雇用創出を目的としたファッションスクールの開講も進めています  　しかし大学卒業後は、あえてファッションの道へ進まず、IT企業のサイバーエージェントに入社しました。  　「ファッションの道へ進みたいという気持ちは変わりませんでしたが、今後、どんなキャリアに進んだとしても必要になるであろうITスキルを身に付けるための修行期間として、IT企業に入社しました」  　2年ほど働いた後に独立。2020年にcoxco（ココ）を起業し、リサイクルペットボトルや再生素材などを活用したサステナブルファッションブランド「coxco」をスタートさせました。現在はDEAR MEとcoxco、2つの代表を担っています。  　朝ご飯もランチも20分ほどで済ませるほど忙しい毎日を送っていますが、毎週金曜日の夜は ポテトチップスを食べながらNetflixを見る「チートデイ」と決めているといいます。その理由とは？ 西側さんの1日の過ごし方を聞きました。
家から一歩も出ないメタバース経済、ロボカーでいつでも外出できるモビリティ経済、魅力的なのはどっち?,つまれ どうぶつの森」の世界で平穏に生活をしています。 　アメリカの巨大IT企業は皆、このメタバースに注目しています。中でもフェイスブックは近年、社名,※写真はイメージです - 写真＝iStock.com／Kinwun日本経済の復活には何が必要なのか。経営コンサルタントの鈴木貴博さんは「仮想空間で暮らす『メタバース経済』の未来が現実味を帯びてきているが、私はちっともワクワクしない。日本が進むべき道は、現実世界の生活を充実させる『モビリティ経済』ではないか」という――。  【この記事の画像を見る】  　※本稿は、鈴木貴博『日本経済　復活の書』(PHPビジネス新書)の一部を再編集したものです。  ■仮想空間でまわす経済は、日本の強みを発揮できる  　今、世界が「メタバース」に注目しています。  　メタバースというのは現実世界とは別の生活を送ることができる仮想空間のことです。自分とは違う人格やキャラとして、この世界とはまるで違う空想世界で暮らす世界。そこでリアル社会とは別の友人がたくさんでき、おそらく敵もたくさんいて、現実世界よりもずっとエキサイティングな日々を送ることができる。そのような仮想空間のことです。  　メタバースが今、話題になっている理由は、技術が追いついてきたことに加えて、現実にメタバースが世界のあちこちにでき始めていることです。たとえば任天堂の「あつまれ どうぶつの森」は日本で一番有名なメタバースです。  　これまでの累計販売本数は3000万本を超え、結構な数の日本人がコロナ禍でも「あつまれ どうぶつの森」の世界で平穏に生活をしています。  　アメリカの巨大IT企業は皆、このメタバースに注目しています。中でもフェイスブックは近年、社名をメタ・プラットフォームズに変更してその事業基盤をインスタグラムやフェイスブックといったSNSからメタバースに移行しようと計画しています。  　高度なCG技術を持ち、マリオやポケモン、ハローキティなど強力なIP(知的財産)を持つ日本は、このメタバースと相性がいいと言えます。  　メタバースが広がるのに合わせて日本経済をメタバース側で拡大させていくというのは、いかにも日本の強みを生かせそうな国家戦略です。企業でいえばソニーグループや任天堂、集英社やKADOKAWA、エイベックスやLDHなど、時流に乗れそうな顔触れも具体的にイメージできるでしょう。  ■このまま「メタバース大国論」に突き進んでいいのか  　それはそれで一つの未来ではあるのですが、ここで原点に立ち戻って、メタバース大国になることが日本にとって本当に良いのかを考えてみたいと思います。  　メタバース大国戦略は確かに時流に合っています。  　メタバース大国論は少子高齢化、かつ脱炭素の低エネルギー社会に向いています。とにかく国民全員が皆、一日をスマホの中で過ごすように仕向けていけばいい。ないしはVRゴーグルだけを見ながら過ごすのかもしれませんが、とにかく仕事も遊びも家に閉じこもって行うようになる。それでみんながお金を使ってくれるのであれば、メタバース経済は未来的なエコ経済かもしれません。  　しかし私にはどうもメタバース経済は面白くない。なんというかわくわくしないのです。  　そこでメタバース経済の対立軸となる真逆の成長戦略を考えてみます。それは日々大量の商材が日本のインフラである道路網を移動し、たくさんの人々が毎日リアルに外出し、さまざまな場所に自在に顔を出して活動するという「モビリティ経済」です。
なぜ男女間の賃金格差が生まれるのか。元凶は日本特有のシステムに,材の人手不足を招く恐れがあります。 　例えば、IT人材の不足が20年以上前から叫ばれていますよね。ITに関する能力の高い人材は中国やインドに多く、20,bizSPA!フレッシュ　2022年6月3日、政府は企業や自治体などに男女間の賃金格差の開示を義務づける方針を打ち出した。経済協力開発機構（OECD）の調査によると、2020年の日本の男女賃金格差は22.5％とOECDの平均値（11.6％）を大きく上回っている。  　日本の男女の経済格差は世界から大きく後れをとった深刻な状況であり、開示することによって格差是正を促すことが期待される。  　とはいえ、賃金格差の開示が女性の待遇向上につながるのだろうか。『これからの賃金』（旬報社）の著者で明治大学名誉教授の遠藤公嗣氏に、今回の開示が何をもたらすのか、男女間の格差がいまだに大きい原因などを聞いた。企業側にも開示するメリットはある　まず賃金格差の開示について、「開示は良いことです」と遠藤氏は回答し、以下のように語る。  「賃金格差の大きい企業には、優秀な女性が入社を希望しなくなります。加えて、真に賢い男性も入社しなくなるでしょう。その結果、企業業績が落ちることが予測されるため、株式市場などの資本市場で格付けが低くなり、資金調達が不利になります。  　一方、賃金格差の小さい企業では、この逆の論理が働くため、女性が不平等感を抱きながら働くことはなくなりますし、企業側のメリットも大きいです」正規と非正規をまとめて情報を出すべき遠藤公嗣氏　続けて、どのように情報を開示すれば良いのか、気をつけるべきポイントを示してもらった。  「開示情報が正確な格差を示さない場合、メリットは得られないかもしれません。実は非正規労働者は明確な定義がありません。例えば、厚生労働省の労働統計では、職場でパートと呼ばれている人はパートタイマーに分類しており、その定義はとても曖昧です。  　加えて、非正規労働者は女性の割合が高いため、『男性正社員と女性正社員の賃金格差は？』としてしまうと明確な格差がわかりません。雇用形態で比較するのではなく、正規労働者と非正規労働者をまとめたうえでの男女の賃金情報を出すべきです。  　業界によっては非正規労働者の割合が高いケースもあるため、一概に非正規労働者の男女間の賃金情報を見ても、その企業の全体像がわからない可能性もありますから」
東大「塾行かず現役合格」部活引退後にした凄い技,力している」と指摘するのが、学習塾には行かず、公立高校から現役で東京大学理科一類に合格した永田耕作さんです。 では「思考の型」とはどういうものなのか。,東大生の思考術について解説します（写真：Lukas／PIXTA）「頭のよさ」は生まれもったものと考えがちです。ところが、「『頭がいい』『かしこい』と思われている人は、ゼロからイチを生み出しているわけではなく、結論を導くための「思考の型」を持っていて、それにのっとって物事を考え、努力している」と指摘するのが、学習塾には行かず、公立高校から現役で東京大学理科一類に合格した永田耕作さんです。 では「思考の型」とはどういうものなのか。新著『東大生の考え型 「まとまらない考え」に道筋が見える』の著者でもある永田さんが解説します。  【図】「努力しているか（努力量）」と「結果が出ているか（成功／失敗）」を軸にしたマトリックス■スポーツで活躍した人の「思考の型」をインストール  　みなさんは、「頭のいい人」ってどんなイメージを持っていますか。  　僕は中高生のころ、「頭のいい人」にあこがれていました。例えば「当意即妙な返事をする、頭の回転が速い人」や「説明がわかりやすく、プレゼンが上手い人」「記憶力がよく、勉強ができる人」………こういう人って、うらやましいですよね。みなさんも「こんな人になりたいな」 と思う人が周りにいるのではないかと思います。　では、そういう人の頭のよさは生まれつきのものなのでしょうか。当時の僕の考えは、「頭のよさ=先天的な才能」で、後から頑張っても身につけられないんじゃないかと思っていました。でも実は、違うことに気がついたのです。  　僕は高校3年生で部活をやめるまでずっと野球少年で、とうてい東大に行けるような実力はありませんでした。そんな状態でやったのは、「野球やスポーツの分野で活躍した人の思考の型を、そっくりそのままインストールすること」でした。・スポーツ選手がやっているとおり、計画を立てて、その計画どおりに物事が進められるかを確認する ・自分の勉強を振り返り、どこか改善できることはないかと考えるノートを作る ・失敗したときに、何がダメだったのかを分析する 　「型通り」に、スポーツでやったことをそのまま受験勉強に応用したのです。するとなんと、一気に成績が上がり、そのままあこがれの東大に合格することができました。  　そして、東京大学に入学してから、僕はあることに気づいたのです。実は東大生たちも、イチから何かを考えるのではなく、誰かがやっている思考の型をコピーして、その通りに勉強しているから頭がいいのです。
障害ある子の学び「地域の学校か特別支援学校か」　発達のスピードが違う子、必要なのは個別訓練,動ではスポンジボールの的当てや野球を楽しんだりする。感触の授業とは図工や理科のことで、絵の具を手に付けて作品を制作したり、野菜や花を育てたり、カットし,今年3月に県立養護学校の小学部を卒業した綾（あや）優太さん（中央下。ご家族提供）インクルーシブ(inclusive)とは、「全部ひっくるめる」という意。性別や年齢、障害の有無などが異なる、さまざまな人がありのままで参画できる新たな街づくりや、商品・サービスの開発が注目されています。 そんな「インクルーシブな社会」とはどんな社会でしょうか。医療ジャーナリストで介護福祉士の福原麻希さんが、さまざまな取り組みを行っている人や組織、企業を取材し、その糸口を探っていきます【連載第4回】。  【写真】重度障害児がオンライン上に集まって行われた運動会　小学校へ入学する子どもは、就学時健康診断を受診後、就学予定校名が記載されたはがきを役所から受け取る。一方、障害のある子どもの場合、「地域の小学校の通常学級、特別支援学級、あるいは、特別支援学校(以下、すべて養護学校を含む*1)のどこで学ぶか」を、教育委員会と相談する機会が設けられる。  　就学相談は地域にもよるが、入学する前年の6月前後から始まる。  　就学相談は、障害のある子どもの親の間では“就学問題”と呼ばれ、悩みの上位に入ると聞く。親がとても悩む理由は、「障害のある子どもがどのように成長するかわからない」だけでなく、特別支援学校で学んだことがないため、「どんなところで、どのようなことを学べるか、あまりよくわからないこと」もあるだろう。　そこで、今回は特別支援学校を紹介する。  ■卒業式を迎えられないだろうと思っていた  　神奈川県在住の綾(あや)優太さん(12)は、今年3月に県立養護学校の小学部を卒業し、現在は中学部に通学している。  　生まれて半年後、医師から難病の「先天性ミオパチー」と診断された。全身の筋肉が発達しにくく、合併症を起こしやすい。日常的に人工呼吸器の装着や痰(たん)の吸引、栄養を取るための胃ろうといった医療的ケアを必要とする。生活のすべてで介助者がはいり、移動は背もたれ式のバギーを使う。　父親の崇(たかし)さん(48)は小学部を卒業する優太さんの姿を見て、喜びで胸を詰まらせた。「生まれて間もない頃から、小学校の卒業式を迎えることはないだろうと覚悟していた」からだ。  　今回は小学部生活を振り返ってもらった。  　特別支援学校では、介護が必要であっても、将来、自立を目指し主体的に生活を送ることを目的に、生活習慣を身に付ける、体調を管理する、コミュニケーション力や人間関係を作るなど、人間として豊かな生活や人生を送るための指導が重視されている。
NECマグナス、ローカル5Gの一体型基地局装置「FB2000SS」を発売,リアを構築できる。 　NECマグナスでは、FB2000SSは公立諏訪東京理科大学のキャンパスネットワークにおけるローカル5G設備や、ひまわりネットワー,"写真：Impress Watch　NECマグナスコミュニケーションズ株式会社（以下、NECマグナス）は23日、ローカル5Gサービスを実現するためのCU/DU/RU機能を一体化した基地局装置「FB2000SS」の販売を開始した。  　FB2000SSは、ローカル5G向けの基地局装置で、周波数帯はSub-6GHz帯のn79（4.6～4.9GHz帯）をサポートし、SA（Standalone）モードに対応。防塵防水はIP65に準拠し、屋内外に設置できる。  　CU/DU/RU一体型のためMFH（モバイルフロントホール）の配線が不要で、省スペースを実現。最大64台の端末を収容し、4MIMOアンテナで1アンテナあたり最大30dBmの出力により、広いカバーエリアを構築できる。  　NECマグナスでは、FB2000SSは公立諏訪東京理科大学のキャンパスネットワークにおけるローカル5G設備や、ひまわりネットワーク株式会社による高速無線インターネットサービスのローカル5G実証実験に採用されていると説明。今後の地域DXやスマートシティなどの市場に向け、5G技術の持つ「超高速通信」「低遅延」という特長を生かして、社会を変えていく新たな価値を提供していくとしている。クラウド Watch,三柳 英樹"
沖縄の教員不足60人　教育長「病休、育休取得が要因」　県議会で答弁,月1日時点で60人の教員が不足していることが24日、分かった。学級担任や理科・音楽など専門科目担当を含む。県議会6月定例会代表質問で、喜友名智子氏（立,資料写真　沖縄県内の小中学校・県立高校・特別支援学校で、6月1日時点で60人の教員が不足していることが24日、分かった。学級担任や理科・音楽など専門科目担当を含む。県議会6月定例会代表質問で、喜友名智子氏（立憲おきなわ）に半嶺満教育長が答弁した。  求ム！教員経験者　志願者4年で1000人減　沖縄県教委　不足数は小学校で21人、中学校で26人、高校で6人、特別支援学校で7人。県教育委員会によると、このうち学級担任は26人（小学校13人、中学13人）。4月の新学期スタート時には64人が未配置だった。  　教員不足が解消されていない理由について、半嶺教育長は「新たに病気休暇や育児休業などの取得があった」と説明した。学校運営に支障が出ないよう、教頭や担任以外の教員で対応している。  　学校の事務的な負担軽減を図るために配置されている緊急対応用務員は現在、県立学校11校に11人が配置されている。人件費などにかかる執行額は323万円。小中学校や一部の特別支援学校で、教員の業務支援にあたるスクールサポートスタッフは、14市町村の119校に130人が配置されている。 （嘉数陽）
激闘『IPPON女子グランプリ』徹底解説「はたして女性は大喜利が苦手なのか？」なんて愚問でした,とりで交互に答えるラリー形式のお題。 先攻ははるか。レモンこめかみ搾り→理科の欠席→キムチでスマホ漬け→消しゴム丸呑み→ミュージシャンの喉仏アタック！,イラスト／まつもとりえこ6月25日に開催された『IPPON女子グランプリ』（フジテレビ）。「女性芸人編」と「女性タレント編」の2ブロックで行われた熱戦をNHK『着信御礼！ケータイ大喜利』レジェンドの称号を持つライター・井上マサキが振り返る（一部、大喜利回答の表記を読みやすく整えています）。  【画像】つい先月開催の『IPPON男子グランプリ』優勝者は千原ジュニアでした『IPPONグランプリ』に女性は7人しか出ていない松本人志が“おもしろいと思うこと”をテレビで実験する特番『まっちゃんねる』（フジテレビ）。第3弾となった6月25日放送回では、『IPPONグランプリ』の出場者を女性に限定した『IPPON女子グランプリ』が行われた。  『IPPONグランプリ』はこれまで27回放送され、出場者はトータル78人（番組内では「のべ270人」と表現）。このうち女性は椿鬼奴、友近、大久保佳代子（オアシズ）、渡辺江里子（阿佐ヶ谷姉妹）、伊藤修子、箕輪はるか、近藤春菜（共にハリセンボン）の7人しかいない。  番組はこれまで女性の決勝出場者がいないことに触れ、「はたして女性は大喜利が苦手なのか？」というナレーションから始まった。「いや得意な人もいるよ？」「主語が大きすぎでは？」「というかもっと女性を出場させればいいのでは？」といったモヤモヤは、2時間かけて「だから言ったでしょう？」に変わる。女性は大喜利が苦手なんてことは全く無いと、現場で証明されるのだ。女性芸人編：貫禄のはるか、猛追するイワクラ『IPPON女子グランプリ』は、「女性芸人編」と「女性タレント編」の2ブロックで行われた。セットも演出も伊藤アナも全て『IPPONグランプリ』そのままだが、審査は解説席にいる松本人志と、優勝経験者であるバカリズム、川島明（麒麟）、大悟（千鳥）の4人が担当する。  女性芸人ブロックの出場者は福田麻貴（3時のヒロイン）、イワクラ（蛙亭）、加納（Aマッソ）、箕輪はるか（ハリセンボン）の4人。第1問は「あなたがおっさんと体が入れ替わったとき相手に伝えておく注意事項とは？」。最初に頭ひとつ抜けたのは、この中で唯一本戦出場を果たしているはるかだった。  ・しのごの言わずに楽しめよ！ ・年に一度、きれいな花火を見せてあげてください ・ブラの代わりにベーコンを巻くだけでも問題ないです  読み方にも緩急を付け、3本連続のIPPONを奪う。一方、加納は「はしゃぐなよ？」「B（美容液）→K（化粧水）→N（乳液）の順ね！」「スベった夜はヌーの捕食動画で鎮めて」と方向性を変えながら積極的に攻めるがIPPONに届かない。解説席も「考え過ぎのような気がする」「力が入っている」と見守る。結果、「風俗行っちゃうね～」と力を抜いた下ネタで初IPPON。別室にいて姿が見えない審査員たちのツボを探っていたようにも見えた。  序盤で苦戦していたのがイワクラ。第1問ではIPPONが獲れず、第2問「写真で一言ルーレット」では長尺のストーリーがうまく噛み合わない。ひとりだけ0本のまま迎えた第3問、「そんなこと5・7・5で伝えるな！」でようやくピントが合い始める。  ・キン肉マン明日から毎日読み直す ・鳥羽一郎ヒット曲は兄弟船 ・左きき右ききよりも少ないな ・痛風の痛みはわからぬ女たち  答えが5・7・5の定型文になることで長尺を避けられたこと、そして淡々とした語り口と「そんなこと」の内容がマッチして、一気に4本のIPPONを獲得。第5問「下着売り場で言ったことの無いセリフを言ってください」でも、トップを走るはるかに食らいつく。  ・乳首のとこだけ穴あいてるブラあります？（イワクラ） ・男ふるわすブラくれや（イワクラ） ・いい下着がひとつもないですねぇ……手ブラで帰らせてもらいます（はるか） ・結構いい感じなんで、布袋モデルも着てみていいですか？（はるか）  イワクラが8本まで猛追するも、はるかが10本で逃げ切り勝利！ 松本人志が「女王の風格すら感じた」とコメントするほど貫禄の優勝だった。
「国語、算数、理科、お金。」　橋本愛主演ドラマ『家庭教師のトラコ』3種のポスター公開,た表情が印象的なビジュアルとなっている。キャッチコピーは、「国語、算数、理科、お金。」。合格率100%の家庭教師トラコが教えるのは、受験の攻略法か,『家庭教師のトラコ』ポスタービジュアル (c)日本テレビ　7月20日より日本テレビ系にて放送がスタートする橋本愛主演の水曜ドラマ『家庭教師のトラコ』のポスタービジュアルが公開された。  【写真】橋本愛がどこか浮遊感のある立ちポーズを披露したポスター  　本作は、『家政婦のミタ』（日本テレビ系）の脚本家・遊川和彦とプロデューサーの大平太のコンビが描く“個別指導式ヒューマンドラマ”。合格率100％を誇る謎の家庭教師・トラコ（橋本愛）が、「自分の子供を志望校に合格させたい！」という切実な願いと、親には言えない“深刻な問題”を抱えている3人の母親と3人の子供を救うため、勉強以外に生きていく上でとても大切なこと、“正しいお金の使い方”を教えていく。  　ポスターのデザインは、橋本演じる主人公トラコが、メリーポピンズ風のコスチュームを身にまとった個性的なビジュアルを前面に押し出したもの。傘を握りしめたこぶしが強い意志を感じさせる凛々しい表情のアップに、どこか浮遊感のある立ちポーズ、座りポーズの3種類となっている。  　背景色は、トラコの内に秘めたる“大いなる野望”への情熱などを表現した赤。いつも抱えているキャリーバッグからは、お札が舞い散っている。家庭教師とはおよそ程遠い、橋本のミステリアスかつ凛とした表情が印象的なビジュアルとなっている。キャッチコピーは、「国語、算数、理科、お金。」。合格率100%の家庭教師トラコが教えるのは、受験の攻略法……かと思いきや、実は「正しいお金の使い方」という生きていく上で大切な人生（社会）の攻略法だった!?という部分を表現している。  　このポスタービジュアルは、7月4日から、日テレタワー地下入り口側の広告スペース（ライティングウォール）を皮切りに掲出される。また、番組公式サイトもこのポスタービジュアルを使用したデザインに大幅リニューアル。公式Instagramと公式TikTokもスタートする。リアルサウンド編集部
「国語、算数、理科、お金。」橋本愛の主演ドラマ「家庭教師のトラコ」ポスター3種,いつも持っているキャリーバッグからはお札が舞い散っており、「国語、算数、理科、お金。」とのコピーが添えられた。 「家庭教師のトラコ」は、7月20日より,「家庭教師のトラコ」ポスタービジュアル橋本愛が主演の連続ドラマ「家庭教師のトラコ」のポスタービジュアルが到着した。  本作は、合格率100％を誇る謎の家庭教師・トラコこと根津寅子が主人公の物語。トラコを橋本、彼女の幼なじみでパートナーの福田福多を中村蒼が演じ、美村里江、細田佳央太、板谷由夏、鈴木保奈美らもキャストに名を連ねる。  【画像】「家庭教師のトラコ」ポスタービジュアル（他4件）  ポスターはトラコの表情のアップ、立ち姿、座り姿の3種類。彼女がいつも持っているキャリーバッグからはお札が舞い散っており、「国語、算数、理科、お金。」とのコピーが添えられた。  「家庭教師のトラコ」は、7月20日より日本テレビ系で毎週水曜にオンエア。遊川和彦が脚本を手がけ、伊藤彰記と岩本仁志が演出を担う。  ■ 家庭教師のトラコ 日本テレビ系 2022年7月20日（水）スタート 毎週水曜 22:00～
橋本愛、メリーポピンズ風のコスチューム姿　『家庭教師のトラコ』ポスタービジュアル3種解禁,野望」への情熱などを表現した赤色を背景に、キャッチコピーは「国語、算数、理科、お金。」。合格率100%の家庭教師トラコが教えるのは、受験の攻略法かと,『家庭教師のトラコ』のポスタービジュアル（C）日本テレビ　俳優の橋本愛が主演する、7月20日スタートの日本テレビ系連続ドラマ『家庭教師のトラコ』（毎週水曜　後10：00）のポスタービジュアルが解禁された。  【全身ショット】メリーポピンズ風衣装の橋本愛  　オリジナル作品となる今作は、家庭教師のトラコが問題を抱えた3つの“家庭を教師する”個別指導式ヒューマンドラマ。トラコこと根津寅子（橋本）が、年齢も抱えている問題もバラバラの3人の母親と3人の子どもを救っていくことになる。  　生活レベルも全く違う3人に共通するのは「自分の子供を志望校に合格させたい」という切実な願い。つかみどころのない家庭教師・トラコの一風変わった授業方法に翻弄されながら、「正しいお金の使い方」と「人生」を学んでいく。  　デザインは主人公・トラコが、メリーポピンズ風のコスチュームを身にまとった個性的なビジュアルを前面に押し出したもの。傘を握りしめたこぶしが強い意志を感じさせる凛々しい表情のアップに、どこか浮遊感のある立ちポーズ、座りポーズの3種類となっている。  　トラコの内に秘めたる「大いなる野望」への情熱などを表現した赤色を背景に、キャッチコピーは「国語、算数、理科、お金。」。合格率100%の家庭教師トラコが教えるのは、受験の攻略法…かと思いきや、実は「正しいお金の使い方」という生きていく上で大切な人生（社会）の攻略法だった!?　という部分を表現している。
神戸の「こども本の森」でノーベル賞・野依良治さんが講演　「読書は１００年生きる力くれる」,神戸市北区の小学５年男児（１０）は「二酸化炭素の話が面白かった。読書も理科も好きなので、野依先生が紹介してくれた本を読みたい」と話していた。,読書の大切さや科学を学ぶ意味について話す野依良治さん＝神戸市中央区加納町６　神戸・三宮の東遊園地に今春オープンした図書館「こども本の森　神戸」で２５日、２００１年にノーベル化学賞を受賞した野依良治さん（８３）＝兵庫県芦屋市出身＝が講演した。子ども向けに読書の大切さ、科学の楽しさを語る「おはなし会」。館内の大階段に親子約８０人が腰掛けて、「読書は人が１００年生きるための力を与えてくれる」という言葉に耳を傾けた。（金　慶順）  【写真】野依良治さんの少年時代の愛読書も展示された  　同館は建築家の安藤忠雄さんが神戸市に寄贈。子どもが読書に親しめるようにと、職員らによるおはなし会を企画してきた。今回は特別ゲストとして野依さんを招いた。  　野依さんは科学技術振興機構の研究開発戦略センター長を務める。戦時下の神戸で育ち、小学生のときに佐用町に疎開した。「水は池から引き、わなで捕らえたスズメを食べた。生きていく力は田舎の子たちから習った」と自給自足の暮らしを振り返った。  　「自然の仕組みを正しく整理し、知識として蓄えることで、健やかな人生観や自然観を持てる」と強調。それこそが「科学を学ぶ意味」であるとし、読書や教育の大切さを説いた。  　また分子模型、左利き用のはさみやグローブを示しながら、物質の性質についても優しく語った。館内には、少年時代に読んだという「シートン動物記」「ファーブル昆虫記」なども並んだ。  　子どもたちは「ノーベル賞を取ったときの気持ちは？」「科学に興味を持ったきっかけは？」と質問。野依さんは学者の先輩である湯川秀樹さんの刺激を受けた少年時代を振り返りながら、丁寧に答えていた。  　またロシアのウクライナ侵攻にも触れ、「人類がいかに継続して生きていくかを考えるのが一番楽しい。皆さんはこれからの社会を担っていく。自分のことだけでなく世の中のことも考えて、結束して生きてほしい」と呼び掛けた。  　神戸市北区の小学５年男児（１０）は「二酸化炭素の話が面白かった。読書も理科も好きなので、野依先生が紹介してくれた本を読みたい」と話していた。
授業でタブレット、全1年生の期末テスト点数が　中学校で誤表示,年生の理科の授業で、生徒に対し誤って全1年生119人の理科の学期末試験の得点一覧を配布したと発表した。原因を調べている。 　発表によると、理科教師が3,柏市役所=千葉県柏市柏5丁目、斎藤茂洋撮影　千葉県柏市教育委員会は24日、市立柏の葉中学校（同市十余二、高橋一夫校長、生徒351人）で同日にあったタブレット端末を使った1年生の理科の授業で、生徒に対し誤って全1年生119人の理科の学期末試験の得点一覧を配布したと発表した。原因を調べている。  　発表によると、理科教師が3時間目に1クラス（30人）である授業に向け、事前に教育用クラウドサービス上に課題を配布しようとしたところ、誤って得点一覧を配布した。授業開始直後に気づき、教師は、教師アカウント側のクラウドサービス上のデータを削除するとともに、生徒には端末を閉じるように指示したが、12人がタブレットを開いており、学校側は同生徒のタブレット端末から履歴データを削除するなどした。（斎藤茂洋）朝日新聞社
